age;job;marital;education;default;balance;housing;loan;contact;day;month;duration;campaign;pdays;previous;poutcome;y
40;blue-collar;married;secondary;no;580;yes;no;unknown;16;may;192;1;-1;0;unknown;no
47;services;single;secondary;no;3644;no;no;unknown;9;jun;83;2;-1;0;unknown;no
25;student;single;tertiary;no;538;yes;no;cellular;20;apr;226;1;-1;0;unknown;no
42;management;married;tertiary;no;1773;no;no;cellular;9;apr;311;1;336;1;failure;no
56;management;married;tertiary;no;217;no;yes;cellular;21;jul;121;2;-1;0;unknown;no
28;blue-collar;married;secondary;no;1134;no;no;cellular;9;feb;130;3;-1;0;unknown;no
24;management;single;tertiary;no;1085;no;yes;cellular;7;may;95;6;-1;0;unknown;no
37;admin.;single;secondary;no;127;no;no;cellular;23;mar;83;4;-1;0;unknown;no
30;blue-collar;single;secondary;no;3;yes;no;cellular;25;jul;51;1;-1;0;unknown;no
38;technician;single;secondary;no;258;no;yes;unknown;20;jun;587;2;-1;0;unknown;no
33;blue-collar;single;secondary;no;498;no;no;cellular;30;apr;301;1;-1;0;unknown;yes
48;blue-collar;divorced;secondary;no;65;yes;no;cellular;14;may;146;1;370;1;failure;no
30;blue-collar;single;secondary;no;18;no;no;unknown;9;may;395;1;-1;0;unknown;no
31;management;divorced;tertiary;no;883;yes;no;cellular;5;mar;112;2;106;1;failure;yes
30;management;single;tertiary;no;640;no;no;cellular;6;feb;124;4;213;2;failure;no
30;management;single;tertiary;no;536;no;no;cellular;15;oct;244;1;105;1;success;yes
35;blue-collar;married;secondary;no;247;yes;yes;cellular;13;may;114;1;352;5;failure;no
31;management;single;tertiary;no;518;yes;no;cellular;18;may;399;1;-1;0;unknown;no
46;blue-collar;married;secondary;no;0;yes;no;unknown;23;may;172;3;-1;0;unknown;no
33;management;single;tertiary;no;5437;no;no;cellular;4;may;267;1;91;1;failure;yes
49;self-employed;divorced;secondary;no;-478;yes;yes;cellular;20;nov;291;1;-1;0;unknown;no
35;management;married;tertiary;no;991;yes;no;cellular;6;may;1489;3;-1;0;unknown;yes
43;blue-collar;married;secondary;no;-755;yes;yes;cellular;5;may;162;1;337;1;failure;no
44;blue-collar;divorced;secondary;no;-239;yes;no;unknown;27;may;111;3;-1;0;unknown;no
33;entrepreneur;single;tertiary;no;3017;no;no;cellular;21;nov;240;3;-1;0;unknown;no
33;services;married;secondary;no;184;yes;no;unknown;13;may;109;4;-1;0;unknown;no
23;student;single;secondary;no;431;no;no;cellular;13;aug;496;2;-1;0;unknown;yes
47;blue-collar;married;primary;no;699;no;no;cellular;5;aug;203;1;-1;0;unknown;no
60;technician;married;secondary;no;914;no;no;unknown;4;aug;64;1;-1;0;unknown;no
51;blue-collar;married;tertiary;no;7816;yes;no;unknown;12;may;76;2;-1;0;unknown;no
56;retired;married;secondary;no;728;no;no;cellular;18;nov;163;2;110;15;failure;no
59;management;married;unknown;no;3428;yes;yes;cellular;19;nov;103;1;-1;0;unknown;no
49;management;married;tertiary;no;223;no;no;cellular;28;aug;22;22;-1;0;unknown;no
49;admin.;married;secondary;no;2254;no;no;cellular;5;aug;77;1;-1;0;unknown;no
56;technician;married;secondary;no;589;yes;no;cellular;18;nov;208;1;26;3;success;no
38;technician;married;secondary;no;79;yes;no;cellular;20;aug;209;2;-1;0;unknown;no
46;blue-collar;married;secondary;no;78;yes;yes;unknown;7;may;145;1;-1;0;unknown;no
58;technician;single;secondary;no;409;no;yes;cellular;14;jul;643;2;-1;0;unknown;no
36;entrepreneur;married;secondary;no;352;yes;no;unknown;21;may;139;2;-1;0;unknown;no
29;blue-collar;married;secondary;no;-312;yes;yes;cellular;14;may;130;2;-1;0;unknown;no
39;blue-collar;married;secondary;no;1044;yes;no;cellular;2;feb;158;1;-1;0;unknown;no
36;management;single;tertiary;no;227;no;yes;cellular;7;aug;336;4;-1;0;unknown;no
37;admin.;married;secondary;no;1967;no;no;telephone;27;oct;376;1;-1;0;unknown;yes
44;entrepreneur;married;primary;no;650;yes;no;cellular;6;may;142;2;-1;0;unknown;no
34;blue-collar;married;primary;no;1309;yes;no;cellular;12;may;456;2;364;1;failure;no
51;admin.;divorced;secondary;no;115;yes;yes;unknown;8;may;136;1;-1;0;unknown;no
27;technician;single;secondary;no;337;no;no;unknown;9;jul;23;1;-1;0;unknown;yes
49;technician;divorced;tertiary;no;874;yes;no;unknown;16;may;152;2;-1;0;unknown;no
65;retired;married;unknown;no;679;no;no;cellular;13;may;593;2;178;1;success;no
36;services;married;secondary;no;8114;yes;no;unknown;6;jun;505;1;-1;0;unknown;no
32;management;single;secondary;no;453;yes;no;cellular;2;feb;544;1;269;2;failure;no
56;management;married;tertiary;no;0;yes;no;telephone;5;may;259;2;-1;0;unknown;no
28;blue-collar;married;secondary;no;258;yes;no;cellular;24;jul;134;1;-1;0;unknown;no
59;management;married;tertiary;no;2540;no;no;cellular;16;jul;1432;5;-1;0;unknown;no
28;blue-collar;married;secondary;no;196;yes;no;unknown;26;jun;176;7;-1;0;unknown;no
33;unemployed;single;tertiary;no;14889;yes;no;cellular;3;feb;22;3;-1;0;unknown;no
44;management;married;tertiary;no;0;no;no;cellular;8;jul;54;2;-1;0;unknown;no
39;housemaid;single;primary;no;1340;no;no;unknown;18;jun;113;2;-1;0;unknown;no
33;management;married;tertiary;no;1323;no;no;cellular;1;jun;327;1;-1;0;unknown;yes
60;unknown;married;primary;no;4722;no;no;unknown;20;jun;459;3;-1;0;unknown;no
34;services;single;secondary;no;267;no;no;cellular;8;jul;449;2;-1;0;unknown;yes
33;blue-collar;divorced;primary;no;60;no;no;unknown;9;may;131;1;-1;0;unknown;no
39;management;divorced;tertiary;no;355;yes;no;cellular;25;aug;313;5;-1;0;unknown;no
31;blue-collar;divorced;secondary;no;-452;yes;no;unknown;26;may;182;5;-1;0;unknown;no
38;management;married;secondary;no;93;no;no;unknown;3;jul;515;2;-1;0;unknown;no
32;blue-collar;married;secondary;no;10142;yes;no;cellular;20;nov;249;1;-1;0;unknown;no
24;student;single;secondary;no;82;yes;no;unknown;5;may;204;2;-1;0;unknown;no
40;self-employed;married;secondary;no;1270;yes;no;cellular;8;may;1049;2;-1;0;unknown;no
47;technician;single;secondary;no;80;yes;no;cellular;16;jul;169;5;-1;0;unknown;no
37;admin.;single;secondary;no;-17;yes;no;cellular;11;may;400;2;340;2;failure;no
57;management;married;tertiary;no;113;no;no;cellular;3;feb;191;2;-1;0;unknown;no
44;admin.;married;secondary;no;447;yes;yes;unknown;14;may;106;5;-1;0;unknown;no
31;technician;single;secondary;no;-348;yes;no;cellular;18;may;410;1;-1;0;unknown;no
29;admin.;married;tertiary;no;238;no;no;cellular;26;feb;79;1;-1;0;unknown;no
60;blue-collar;divorced;primary;no;7601;yes;no;unknown;8;may;285;1;-1;0;unknown;no
55;technician;married;secondary;no;-14;yes;no;cellular;12;may;82;4;-1;0;unknown;no
50;unemployed;married;primary;no;210;no;no;unknown;16;jun;247;2;-1;0;unknown;no
26;services;single;secondary;no;1163;no;yes;cellular;28;jul;239;4;-1;0;unknown;no
28;management;single;tertiary;no;492;no;no;cellular;2;jul;281;1;-1;0;unknown;no
41;admin.;married;secondary;no;2661;yes;no;telephone;24;jul;258;1;-1;0;unknown;no
33;unknown;single;unknown;no;1;no;no;unknown;5;may;198;1;-1;0;unknown;no
37;technician;married;secondary;no;123;yes;yes;unknown;6;may;530;2;-1;0;unknown;no
53;housemaid;married;primary;no;104;no;yes;unknown;5;jun;701;1;-1;0;unknown;yes
45;self-employed;married;tertiary;no;-312;no;no;telephone;18;nov;46;4;-1;0;unknown;no
61;technician;married;primary;no;2282;no;no;cellular;25;nov;1092;1;-1;0;unknown;no
48;management;married;unknown;no;375;no;no;cellular;28;jan;290;3;-1;0;unknown;no
29;technician;single;secondary;no;1165;no;no;cellular;2;jun;245;1;-1;0;unknown;yes
34;technician;married;secondary;yes;91;no;no;cellular;29;aug;67;4;-1;0;unknown;no
35;self-employed;married;secondary;no;188;yes;yes;unknown;5;jun;1865;2;-1;0;unknown;yes
43;services;married;secondary;no;861;yes;no;unknown;9;jun;78;1;-1;0;unknown;no
30;services;married;secondary;no;249;yes;no;cellular;17;apr;294;1;275;2;failure;no
58;retired;married;secondary;no;413;no;no;cellular;27;aug;104;5;-1;0;unknown;no
54;self-employed;married;unknown;no;204;no;no;cellular;27;aug;231;5;-1;0;unknown;no
27;admin.;single;secondary;no;1492;yes;no;unknown;23;may;67;13;-1;0;unknown;no
45;management;married;tertiary;no;3857;yes;no;cellular;11;aug;425;2;190;1;failure;no
50;technician;married;tertiary;no;329;no;no;cellular;19;aug;329;4;-1;0;unknown;no
49;admin.;married;secondary;no;326;yes;no;unknown;7;may;99;2;-1;0;unknown;no
28;blue-collar;single;tertiary;no;1984;yes;no;cellular;4;may;32;2;14;1;failure;no
34;technician;married;secondary;no;256;yes;no;cellular;12;aug;201;2;267;1;failure;no
33;admin.;single;tertiary;no;193;no;no;unknown;5;may;132;2;-1;0;unknown;no
36;unemployed;married;secondary;no;-129;yes;no;cellular;29;jul;121;3;-1;0;unknown;no
27;admin.;single;secondary;no;691;yes;no;unknown;3;jun;418;2;-1;0;unknown;no
40;retired;single;secondary;no;1734;yes;no;unknown;3;jun;123;4;-1;0;unknown;no
34;blue-collar;married;secondary;no;563;no;yes;cellular;3;feb;150;2;-1;0;unknown;no
47;blue-collar;married;secondary;no;303;no;no;unknown;11;jun;261;1;-1;0;unknown;no
40;blue-collar;married;secondary;no;1313;no;no;unknown;14;may;87;1;-1;0;unknown;no
56;blue-collar;single;secondary;no;6483;yes;no;cellular;16;apr;125;2;-1;0;unknown;no
60;management;married;tertiary;no;73;no;no;telephone;8;aug;243;2;-1;0;unknown;yes
47;admin.;married;unknown;no;0;yes;no;unknown;7;may;164;1;-1;0;unknown;no
54;management;married;secondary;no;4816;no;yes;cellular;9;jul;406;1;-1;0;unknown;no
31;student;single;tertiary;no;117;yes;no;telephone;18;jul;41;1;-1;0;unknown;no
52;management;single;tertiary;no;37;no;no;cellular;7;jul;1284;1;-1;0;unknown;no
24;student;single;secondary;no;431;no;no;cellular;19;aug;418;11;185;5;success;yes
30;services;married;secondary;no;5;no;yes;cellular;10;jul;829;5;-1;0;unknown;yes
46;blue-collar;married;primary;no;-339;yes;yes;cellular;11;may;182;2;-1;0;unknown;no
45;admin.;married;secondary;no;171;yes;no;unknown;12;may;539;1;-1;0;unknown;no
40;student;single;secondary;no;595;yes;no;cellular;3;jun;406;2;-1;0;unknown;yes
32;admin.;married;secondary;no;684;yes;no;cellular;14;may;607;3;-1;0;unknown;yes
26;services;married;secondary;no;4;yes;no;cellular;28;jul;201;2;-1;0;unknown;no
35;technician;married;tertiary;no;0;yes;yes;cellular;26;apr;135;3;363;2;failure;no
53;entrepreneur;married;secondary;no;230;yes;no;cellular;4;feb;56;2;250;1;other;no
49;management;married;tertiary;no;108;no;no;cellular;26;aug;210;6;-1;0;unknown;no
52;blue-collar;married;primary;no;0;no;no;cellular;11;aug;179;4;-1;0;unknown;no
41;technician;single;tertiary;no;15302;no;no;cellular;19;aug;121;4;-1;0;unknown;no
57;admin.;married;secondary;no;4168;yes;yes;unknown;16;may;47;1;-1;0;unknown;no
51;blue-collar;married;primary;no;48;no;yes;unknown;17;jun;130;1;-1;0;unknown;no
31;services;single;secondary;no;166;yes;no;cellular;11;may;227;1;-1;0;unknown;no
36;management;married;tertiary;no;11675;yes;no;cellular;20;nov;48;1;-1;0;unknown;no
35;retired;married;primary;no;329;no;yes;cellular;8;jul;520;3;-1;0;unknown;no
49;blue-collar;married;primary;no;154;yes;no;cellular;18;aug;26;15;-1;0;unknown;no
35;entrepreneur;married;tertiary;no;7962;yes;no;cellular;9;apr;275;2;140;2;failure;no
31;management;married;secondary;no;466;yes;no;cellular;14;may;164;1;-1;0;unknown;no
37;blue-collar;married;unknown;no;969;yes;no;cellular;14;may;343;2;-1;0;unknown;no
32;technician;married;tertiary;no;2976;yes;no;cellular;5;feb;783;1;175;5;failure;yes
41;admin.;married;secondary;no;4320;yes;no;unknown;5;jun;245;2;-1;0;unknown;no
30;technician;single;tertiary;no;880;yes;yes;unknown;19;may;967;6;-1;0;unknown;yes
36;self-employed;married;secondary;no;1245;yes;no;cellular;9;feb;8;7;248;9;success;no
33;blue-collar;married;secondary;no;315;no;no;cellular;4;feb;146;3;-1;0;unknown;yes
51;technician;single;secondary;no;1153;yes;no;cellular;20;apr;76;5;-1;0;unknown;no
32;management;single;tertiary;no;0;no;no;cellular;29;aug;63;2;-1;0;unknown;no
40;blue-collar;married;primary;no;442;yes;no;cellular;1;apr;212;1;-1;0;unknown;no
43;management;single;tertiary;no;483;no;no;cellular;19;aug;950;6;-1;0;unknown;yes
34;blue-collar;married;primary;no;695;yes;yes;unknown;16;may;1064;4;-1;0;unknown;yes
40;housemaid;married;secondary;no;84;yes;yes;unknown;12;jun;230;7;-1;0;unknown;no
51;blue-collar;married;secondary;no;2007;yes;no;cellular;12;aug;1226;3;-1;0;unknown;yes
58;housemaid;divorced;secondary;no;0;no;no;cellular;2;jul;478;2;-1;0;unknown;yes
47;services;married;secondary;no;1315;no;no;cellular;20;nov;329;4;-1;0;unknown;yes
52;management;married;tertiary;no;698;yes;no;cellular;11;jul;213;2;-1;0;unknown;no
53;management;married;tertiary;no;6525;yes;no;unknown;2;jun;73;3;-1;0;unknown;no
32;blue-collar;married;secondary;no;736;yes;no;unknown;23;may;700;3;-1;0;unknown;no
32;technician;married;secondary;no;0;yes;yes;cellular;10;jul;428;1;-1;0;unknown;no
49;technician;single;secondary;no;9131;yes;no;cellular;18;aug;532;1;461;5;failure;yes
57;technician;divorced;primary;no;13;yes;no;cellular;8;may;323;2;368;2;failure;no
38;management;married;tertiary;no;14352;no;no;unknown;6;sep;8;1;-1;0;unknown;no
32;technician;married;secondary;no;-410;yes;yes;cellular;12;may;179;3;-1;0;unknown;no
20;student;married;unknown;no;292;no;no;cellular;4;may;45;1;-1;0;unknown;no
32;admin.;divorced;secondary;no;298;yes;no;cellular;9;feb;12;4;-1;0;unknown;no
33;management;married;tertiary;no;3915;no;no;cellular;7;aug;65;4;-1;0;unknown;no
30;student;single;unknown;no;145;no;no;cellular;5;feb;96;3;175;1;failure;no
37;entrepreneur;married;tertiary;no;264;yes;yes;unknown;16;jun;220;1;-1;0;unknown;no
34;technician;married;secondary;no;0;yes;no;cellular;25;jul;141;3;-1;0;unknown;no
32;admin.;single;secondary;no;289;no;no;unknown;15;may;255;12;-1;0;unknown;no
36;management;married;tertiary;no;82;no;no;cellular;2;feb;124;1;178;4;success;no
49;admin.;divorced;secondary;no;560;yes;no;cellular;25;jul;85;3;-1;0;unknown;no
49;technician;married;secondary;yes;410;no;no;cellular;27;aug;117;7;-1;0;unknown;no
53;admin.;divorced;secondary;no;887;yes;no;unknown;13;may;169;2;-1;0;unknown;no
53;management;divorced;tertiary;no;6649;yes;no;cellular;7;jul;83;1;-1;0;unknown;no
56;technician;divorced;secondary;no;3450;no;no;cellular;10;aug;507;1;181;2;success;yes
50;blue-collar;married;secondary;no;3988;no;no;unknown;30;jun;165;4;-1;0;unknown;no
31;unemployed;single;primary;no;1;no;no;cellular;2;feb;19;6;-1;0;unknown;no
75;retired;married;primary;no;962;no;no;cellular;17;jun;344;1;-1;0;unknown;no
34;management;married;tertiary;no;158;no;no;cellular;9;sep;278;2;132;4;failure;yes
56;retired;divorced;secondary;no;-82;no;yes;cellular;29;jul;234;6;-1;0;unknown;no
56;management;single;tertiary;no;545;yes;no;cellular;29;jan;86;1;-1;0;unknown;no
44;technician;single;secondary;no;59;yes;no;cellular;18;may;9;4;341;19;failure;no
38;services;married;secondary;no;434;yes;no;unknown;20;may;411;1;-1;0;unknown;no
51;technician;divorced;primary;no;300;no;yes;cellular;5;feb;8;6;-1;0;unknown;no
42;management;single;tertiary;no;1206;no;no;unknown;9;jun;136;4;-1;0;unknown;no
37;management;married;tertiary;no;784;yes;no;cellular;9;feb;41;3;-1;0;unknown;no
26;blue-collar;married;secondary;no;245;yes;no;unknown;28;may;146;2;-1;0;unknown;no
43;blue-collar;married;secondary;no;1035;no;no;cellular;28;jan;122;1;-1;0;unknown;no
31;management;single;tertiary;no;1475;yes;yes;unknown;2;jun;76;1;-1;0;unknown;no
36;technician;married;tertiary;no;341;no;no;cellular;12;feb;419;2;183;1;success;yes
46;management;married;tertiary;no;2671;no;no;cellular;13;nov;180;3;91;4;success;no
27;management;single;tertiary;no;6791;no;no;cellular;24;jun;136;5;94;30;failure;no
37;management;divorced;tertiary;no;199;yes;no;unknown;18;oct;50;1;-1;0;unknown;no
36;management;married;tertiary;no;699;no;no;cellular;23;jul;125;1;-1;0;unknown;no
27;entrepreneur;married;tertiary;no;-23;no;no;cellular;10;jul;123;4;-1;0;unknown;no
41;technician;married;secondary;no;2185;yes;no;cellular;7;apr;157;4;309;4;other;no
44;management;married;tertiary;no;318;no;no;cellular;18;nov;638;2;-1;0;unknown;no
32;management;single;tertiary;no;715;no;no;cellular;11;aug;159;1;-1;0;unknown;no
24;student;single;secondary;no;1684;no;no;cellular;6;apr;112;4;-1;0;unknown;no
60;housemaid;married;unknown;no;10285;no;no;unknown;6;jun;174;2;-1;0;unknown;no
31;technician;single;secondary;no;147;yes;no;unknown;7;may;374;1;-1;0;unknown;no
57;management;divorced;tertiary;no;909;yes;no;cellular;25;jul;147;2;-1;0;unknown;no
34;blue-collar;single;secondary;no;3043;yes;yes;cellular;20;nov;670;1;-1;0;unknown;yes
31;management;married;tertiary;no;430;yes;no;cellular;25;jul;137;16;-1;0;unknown;no
46;blue-collar;married;primary;no;1;yes;yes;telephone;10;jul;270;7;-1;0;unknown;no
44;management;married;tertiary;no;4119;yes;yes;telephone;21;nov;1074;1;-1;0;unknown;yes
35;management;married;tertiary;no;-126;no;no;cellular;22;aug;82;2;-1;0;unknown;no
30;technician;married;secondary;no;-287;yes;no;cellular;14;jul;244;3;-1;0;unknown;no
37;technician;married;secondary;no;1142;yes;no;cellular;17;jul;309;2;-1;0;unknown;no
42;management;married;tertiary;no;72;yes;no;cellular;20;apr;124;2;348;3;failure;no
33;services;married;secondary;no;-52;yes;no;cellular;18;may;278;1;-1;0;unknown;no
50;housemaid;married;primary;no;238;no;no;cellular;27;aug;968;5;-1;0;unknown;no
41;admin.;divorced;secondary;no;261;yes;no;cellular;29;jul;797;15;-1;0;unknown;no
41;admin.;married;secondary;no;8238;yes;yes;unknown;30;may;124;4;-1;0;unknown;no
45;admin.;married;primary;no;-407;yes;yes;cellular;29;jan;503;2;224;18;other;no
30;technician;single;secondary;no;3;no;no;cellular;28;aug;21;6;-1;0;unknown;no
53;management;married;tertiary;no;1624;no;no;cellular;11;nov;166;3;97;7;success;yes
29;student;single;tertiary;no;80;yes;no;cellular;15;may;15;5;361;1;failure;no
37;management;married;tertiary;no;-9;no;no;cellular;29;aug;168;2;-1;0;unknown;no
35;services;married;secondary;no;0;no;no;unknown;9;jun;115;4;-1;0;unknown;no
59;blue-collar;married;primary;no;-91;yes;no;cellular;13;may;239;1;369;5;failure;no
39;blue-collar;married;primary;no;3324;no;no;cellular;9;jul;108;1;-1;0;unknown;no
51;admin.;married;secondary;no;42;yes;no;cellular;13;may;80;2;-1;0;unknown;no
34;management;single;tertiary;no;2159;no;no;unknown;18;feb;386;1;-1;0;unknown;yes
33;blue-collar;single;tertiary;no;350;yes;no;unknown;24;jun;137;5;-1;0;unknown;no
52;blue-collar;divorced;primary;no;3990;no;no;cellular;19;nov;1548;1;153;1;other;no
30;management;single;tertiary;no;1761;yes;no;cellular;15;may;229;2;294;1;other;no
42;blue-collar;married;primary;no;784;no;no;cellular;28;apr;428;3;-1;0;unknown;no
80;retired;married;secondary;no;2354;no;no;telephone;4;aug;199;2;181;3;success;no
25;student;single;unknown;no;722;no;no;telephone;21;apr;623;2;-1;0;unknown;yes
41;self-employed;married;secondary;no;713;yes;no;unknown;19;may;78;1;-1;0;unknown;no
35;blue-collar;single;primary;no;-631;yes;no;cellular;28;jul;124;3;-1;0;unknown;no
52;blue-collar;married;secondary;no;8180;yes;no;cellular;13;apr;81;1;144;1;failure;no
37;blue-collar;married;secondary;no;949;yes;no;cellular;15;may;302;1;-1;0;unknown;no
54;housemaid;divorced;secondary;no;1327;no;no;unknown;5;jun;115;2;-1;0;unknown;no
36;blue-collar;single;secondary;no;767;yes;no;cellular;5;may;62;1;355;2;other;no
26;self-employed;single;secondary;no;166;yes;no;cellular;16;jul;83;2;-1;0;unknown;no
41;services;single;primary;no;5907;yes;no;cellular;7;may;198;1;167;5;failure;no
52;technician;married;secondary;no;989;no;no;cellular;11;aug;356;1;-1;0;unknown;no
44;services;married;secondary;no;382;no;no;unknown;5;jun;1167;1;-1;0;unknown;no
48;blue-collar;single;secondary;no;339;no;yes;telephone;14;jul;123;4;-1;0;unknown;no
45;blue-collar;married;unknown;no;-72;yes;no;cellular;11;may;306;1;-1;0;unknown;no
53;technician;married;secondary;no;529;yes;no;cellular;28;jan;558;1;-1;0;unknown;no
56;self-employed;divorced;primary;no;97;no;yes;telephone;17;nov;215;1;-1;0;unknown;no
48;admin.;single;secondary;no;3531;yes;no;cellular;20;apr;81;2;287;6;failure;no
26;blue-collar;single;secondary;no;5829;no;no;cellular;23;jul;41;2;-1;0;unknown;no
51;blue-collar;married;primary;no;2995;yes;no;unknown;11;jun;93;2;-1;0;unknown;no
25;blue-collar;single;secondary;no;158;yes;yes;cellular;16;jul;231;2;-1;0;unknown;no
54;technician;married;secondary;no;0;no;no;cellular;6;nov;464;5;192;8;other;yes
42;blue-collar;single;primary;no;1628;yes;no;cellular;5;feb;119;1;195;8;success;no
48;unemployed;married;secondary;no;0;no;no;cellular;18;aug;195;3;-1;0;unknown;no
28;management;single;tertiary;no;390;no;no;cellular;29;sep;845;1;232;4;success;yes
55;retired;married;secondary;no;1279;yes;no;cellular;13;may;446;3;357;8;other;no
32;blue-collar;married;secondary;no;1484;yes;no;unknown;30;may;363;7;-1;0;unknown;no
48;blue-collar;single;secondary;no;312;yes;yes;cellular;3;feb;369;2;-1;0;unknown;no
61;retired;married;secondary;no;1058;no;no;cellular;27;apr;159;3;-1;0;unknown;yes
38;services;married;primary;no;0;yes;yes;cellular;7;may;127;1;171;2;other;no
33;technician;single;secondary;no;116;no;yes;cellular;4;aug;307;1;-1;0;unknown;no
61;management;married;tertiary;no;3371;no;no;cellular;28;sep;299;2;-1;0;unknown;yes
36;management;married;tertiary;no;618;no;no;cellular;3;feb;280;2;-1;0;unknown;no
27;management;married;tertiary;no;1918;no;no;cellular;9;feb;61;1;-1;0;unknown;no
46;management;married;tertiary;no;4301;yes;yes;cellular;18;nov;50;1;183;2;failure;no
34;technician;married;unknown;no;4053;yes;no;unknown;23;may;123;2;-1;0;unknown;no
61;retired;married;secondary;no;569;no;no;cellular;4;aug;219;1;-1;0;unknown;yes
49;admin.;married;secondary;no;2062;no;no;unknown;30;jun;132;4;-1;0;unknown;no
30;admin.;divorced;secondary;no;1320;yes;yes;cellular;5;may;122;3;362;1;failure;no
30;management;single;tertiary;no;1268;no;no;cellular;16;jul;73;4;-1;0;unknown;no
51;retired;married;secondary;no;509;yes;no;cellular;15;jul;121;4;-1;0;unknown;no
73;retired;married;secondary;no;2850;no;no;cellular;17;may;157;2;28;5;failure;no
40;technician;married;secondary;no;192;no;no;cellular;7;aug;266;2;-1;0;unknown;no
32;management;married;tertiary;no;-55;yes;no;cellular;26;aug;107;4;-1;0;unknown;no
48;blue-collar;married;primary;no;680;yes;no;unknown;15;may;387;4;-1;0;unknown;no
33;management;single;tertiary;no;1410;yes;no;cellular;5;feb;8;1;254;5;failure;no
50;housemaid;divorced;secondary;no;0;no;no;telephone;13;aug;43;1;105;2;failure;no
54;housemaid;married;secondary;no;922;no;no;telephone;28;jan;123;2;-1;0;unknown;no
33;admin.;married;secondary;no;1114;yes;no;cellular;14;jul;250;3;-1;0;unknown;no
37;management;single;secondary;no;655;no;yes;cellular;4;feb;258;6;-1;0;unknown;no
49;self-employed;married;secondary;no;1;yes;no;unknown;6;may;260;3;-1;0;unknown;no
32;housemaid;married;tertiary;no;10;yes;no;unknown;2;jun;658;2;-1;0;unknown;no
27;admin.;single;secondary;no;827;yes;no;cellular;4;jun;73;1;107;1;failure;no
27;blue-collar;single;secondary;no;535;no;no;cellular;16;nov;183;1;94;1;success;yes
45;blue-collar;married;primary;no;487;yes;no;cellular;19;aug;110;4;-1;0;unknown;no
47;technician;divorced;secondary;no;2836;no;yes;cellular;14;aug;10;2;-1;0;unknown;no
64;management;married;tertiary;no;679;no;no;telephone;22;apr;135;3;-1;0;unknown;no
45;blue-collar;single;secondary;no;0;yes;no;cellular;16;oct;283;1;165;3;failure;no
33;blue-collar;divorced;secondary;no;865;yes;no;cellular;18;may;158;2;-1;0;unknown;no
33;blue-collar;married;secondary;no;3514;yes;no;cellular;20;nov;214;2;184;2;failure;no
49;blue-collar;divorced;primary;no;380;yes;no;unknown;14;may;349;2;-1;0;unknown;no
53;blue-collar;married;secondary;no;248;yes;no;telephone;11;may;193;2;-1;0;unknown;no
47;services;single;secondary;no;591;no;no;cellular;29;jul;397;1;-1;0;unknown;no
36;services;married;secondary;no;380;yes;no;unknown;20;may;26;1;-1;0;unknown;no
38;technician;married;secondary;no;175;yes;no;unknown;30;may;264;1;-1;0;unknown;no
59;blue-collar;married;secondary;no;410;yes;no;cellular;2;feb;136;1;-1;0;unknown;no
33;management;single;tertiary;no;3770;no;no;cellular;28;jan;757;2;-1;0;unknown;no
46;admin.;divorced;secondary;no;1342;yes;no;cellular;4;feb;135;1;-1;0;unknown;no
54;blue-collar;single;primary;no;-119;yes;no;cellular;13;may;261;1;-1;0;unknown;no
51;services;married;secondary;no;53;yes;no;unknown;26;may;140;2;-1;0;unknown;no
52;management;married;tertiary;no;732;no;no;telephone;4;feb;48;1;-1;0;unknown;no
43;management;divorced;tertiary;no;3327;no;no;telephone;28;aug;146;19;-1;0;unknown;no
55;technician;married;secondary;no;77;yes;no;unknown;23;jun;364;2;-1;0;unknown;no
45;blue-collar;married;primary;no;85;yes;no;unknown;8;may;162;1;-1;0;unknown;no
38;admin.;married;secondary;no;384;no;no;cellular;3;feb;387;1;-1;0;unknown;no
27;admin.;single;tertiary;no;689;no;no;cellular;26;jan;98;1;307;1;failure;no
64;retired;married;secondary;no;571;yes;no;cellular;20;apr;1422;2;-1;0;unknown;yes
33;blue-collar;single;secondary;no;-14;yes;no;cellular;14;may;223;2;-1;0;unknown;no
37;services;single;secondary;no;1050;yes;no;cellular;3;feb;586;3;-1;0;unknown;no
38;entrepreneur;divorced;tertiary;no;504;yes;no;unknown;26;may;68;3;-1;0;unknown;no
54;management;married;tertiary;no;3;no;yes;cellular;8;jul;443;1;-1;0;unknown;no
26;blue-collar;married;secondary;no;246;yes;no;unknown;16;may;1143;3;-1;0;unknown;yes
31;technician;single;tertiary;no;-241;yes;no;cellular;18;may;333;2;355;1;failure;no
51;admin.;divorced;secondary;no;74;yes;no;cellular;8;may;74;2;287;2;failure;no
27;admin.;single;secondary;no;464;no;no;cellular;10;mar;103;1;-1;0;unknown;no
57;unemployed;divorced;secondary;no;79;yes;no;unknown;1;mar;60;1;592;2;failure;no
35;services;married;secondary;no;17;yes;no;cellular;4;may;110;4;-1;0;unknown;no
52;management;married;tertiary;no;7192;no;no;cellular;4;aug;1486;1;-1;0;unknown;yes
39;management;married;secondary;no;11835;yes;no;cellular;11;aug;744;2;-1;0;unknown;yes
29;student;married;tertiary;no;149;yes;no;unknown;26;may;367;4;-1;0;unknown;no
61;retired;married;secondary;no;77;no;no;cellular;6;aug;455;4;-1;0;unknown;yes
28;entrepreneur;married;secondary;no;422;yes;no;unknown;19;may;394;2;-1;0;unknown;no
35;blue-collar;married;primary;no;2205;yes;no;unknown;30;may;199;3;-1;0;unknown;no
57;management;married;tertiary;no;1357;yes;yes;cellular;18;nov;97;2;-1;0;unknown;no
41;services;married;primary;no;4903;yes;no;cellular;18;may;155;1;180;2;failure;no
26;admin.;married;secondary;no;3160;yes;no;unknown;27;may;154;1;-1;0;unknown;no
34;admin.;single;secondary;no;88;yes;no;unknown;27;may;169;2;-1;0;unknown;no
51;management;married;primary;no;108;no;no;cellular;18;nov;169;2;-1;0;unknown;no
42;management;married;tertiary;no;7;no;no;cellular;20;aug;582;7;-1;0;unknown;no
28;admin.;single;secondary;no;305;yes;no;telephone;18;jul;277;1;-1;0;unknown;no
32;admin.;divorced;secondary;no;410;yes;no;cellular;14;apr;129;1;-1;0;unknown;no
40;technician;single;tertiary;no;431;no;no;cellular;7;jul;180;2;-1;0;unknown;yes
41;housemaid;married;tertiary;no;783;yes;no;unknown;30;may;130;2;-1;0;unknown;no
36;technician;married;secondary;no;-342;yes;no;cellular;28;jul;170;3;-1;0;unknown;no
38;blue-collar;married;primary;no;8637;yes;no;unknown;11;jun;119;1;-1;0;unknown;no
29;blue-collar;single;secondary;no;908;yes;no;unknown;20;jun;1663;1;-1;0;unknown;yes
37;blue-collar;married;unknown;no;0;yes;no;cellular;21;nov;184;1;-1;0;unknown;no
39;unemployed;divorced;secondary;no;507;yes;no;unknown;12;may;150;7;-1;0;unknown;no
36;management;single;tertiary;no;671;yes;no;cellular;1;sep;161;1;457;2;failure;no
50;services;married;unknown;no;1688;no;no;telephone;29;jul;156;2;-1;0;unknown;no
57;retired;divorced;primary;no;515;yes;no;unknown;13;may;288;2;-1;0;unknown;no
35;admin.;married;secondary;no;725;yes;no;cellular;10;jul;402;1;-1;0;unknown;no
31;technician;single;tertiary;no;7005;no;no;cellular;26;aug;171;4;-1;0;unknown;no
40;blue-collar;married;primary;no;303;no;no;unknown;30;may;104;6;-1;0;unknown;no
34;management;married;tertiary;no;5878;no;no;cellular;29;jan;159;7;98;3;success;no
51;housemaid;married;secondary;no;1270;no;no;cellular;29;jan;208;3;-1;0;unknown;no
37;management;married;tertiary;no;1125;yes;no;unknown;3;jun;301;1;-1;0;unknown;no
37;admin.;married;secondary;no;1193;no;no;cellular;12;may;396;2;-1;0;unknown;no
50;blue-collar;married;primary;no;-141;yes;no;unknown;20;jun;61;2;-1;0;unknown;no
33;admin.;single;secondary;no;206;no;no;telephone;13;nov;168;1;-1;0;unknown;no
42;entrepreneur;married;secondary;no;324;yes;no;cellular;15;jul;528;3;-1;0;unknown;no
31;management;single;tertiary;no;363;no;no;cellular;13;aug;94;2;-1;0;unknown;no
23;services;single;secondary;no;250;yes;no;cellular;18;may;222;1;-1;0;unknown;no
45;management;married;primary;no;4758;yes;no;cellular;5;may;632;5;287;6;success;no
36;management;married;tertiary;no;4359;no;no;cellular;31;jul;74;6;-1;0;unknown;no
49;entrepreneur;married;secondary;no;273;no;no;cellular;23;jul;58;1;-1;0;unknown;no
44;unemployed;married;secondary;no;0;yes;no;cellular;2;feb;699;1;272;1;failure;yes
25;services;married;secondary;no;10;yes;no;cellular;7;may;51;1;294;1;failure;no
36;management;divorced;tertiary;no;668;yes;no;cellular;5;may;623;1;-1;0;unknown;no
24;student;single;secondary;no;228;no;no;cellular;2;jun;154;1;-1;0;unknown;no
42;blue-collar;married;primary;no;244;yes;no;cellular;16;apr;403;1;-1;0;unknown;no
47;management;single;tertiary;no;0;no;no;unknown;11;jun;58;3;-1;0;unknown;no
34;management;married;secondary;no;-294;yes;no;unknown;27;may;532;2;-1;0;unknown;no
30;management;married;tertiary;no;1476;yes;yes;unknown;3;jun;199;4;-1;0;unknown;no
38;blue-collar;married;secondary;no;422;yes;no;cellular;11;may;286;3;-1;0;unknown;no
40;housemaid;married;primary;no;34;no;no;cellular;25;aug;115;4;-1;0;unknown;no
34;management;single;tertiary;no;2187;yes;no;cellular;4;may;26;5;-1;0;unknown;no
47;technician;married;secondary;no;0;no;no;cellular;19;aug;203;2;-1;0;unknown;no
35;technician;single;secondary;no;920;yes;no;cellular;11;aug;159;2;286;6;failure;no
46;entrepreneur;married;tertiary;no;120;no;no;unknown;17;jun;171;4;-1;0;unknown;no
29;admin.;single;secondary;no;873;no;no;cellular;5;mar;41;2;-1;0;unknown;no
38;admin.;single;secondary;no;648;yes;no;cellular;6;feb;101;2;-1;0;unknown;no
45;management;divorced;tertiary;no;854;no;yes;cellular;8;jul;730;1;-1;0;unknown;yes
50;management;married;tertiary;no;230;no;yes;cellular;21;jul;149;2;-1;0;unknown;no
44;housemaid;married;primary;no;882;no;no;telephone;14;aug;187;4;-1;0;unknown;no
51;unemployed;married;secondary;no;17418;yes;no;telephone;30;jan;237;2;-1;0;unknown;no
26;services;married;secondary;no;199;no;no;cellular;24;jul;139;6;-1;0;unknown;no
48;management;married;tertiary;no;7825;no;no;telephone;21;nov;77;5;-1;0;unknown;no
37;technician;single;secondary;no;18;no;no;unknown;12;jun;361;2;-1;0;unknown;no
30;management;single;tertiary;no;4;no;no;cellular;27;aug;51;3;-1;0;unknown;no
56;technician;divorced;tertiary;no;401;yes;no;telephone;20;nov;26;1;-1;0;unknown;no
44;management;divorced;tertiary;no;3321;no;no;cellular;13;aug;73;3;-1;0;unknown;no
32;blue-collar;married;primary;no;289;yes;no;unknown;8;may;23;4;-1;0;unknown;no
50;entrepreneur;married;tertiary;no;6825;no;no;cellular;21;nov;24;9;-1;0;unknown;no
47;housemaid;divorced;secondary;no;80;no;no;cellular;19;aug;196;2;-1;0;unknown;no
54;technician;married;secondary;no;89;yes;no;cellular;10;jul;140;3;-1;0;unknown;no
54;blue-collar;married;primary;no;1849;no;no;cellular;12;aug;127;4;-1;0;unknown;no
53;blue-collar;married;primary;no;256;yes;no;unknown;2;jun;202;1;-1;0;unknown;no
34;services;single;secondary;no;544;yes;no;unknown;27;may;257;2;-1;0;unknown;no
56;blue-collar;divorced;secondary;no;934;no;no;cellular;29;jul;375;2;-1;0;unknown;no
40;admin.;single;secondary;no;576;yes;yes;cellular;20;apr;114;3;-1;0;unknown;no
36;services;divorced;secondary;no;543;yes;no;cellular;17;apr;101;1;269;2;failure;no
32;blue-collar;married;secondary;no;316;yes;no;cellular;9;feb;14;4;-1;0;unknown;no
45;management;married;tertiary;no;1847;no;no;unknown;16;jun;77;5;-1;0;unknown;no
34;technician;married;tertiary;no;0;yes;no;unknown;20;may;185;12;-1;0;unknown;no
49;services;single;secondary;no;5028;yes;no;unknown;12;may;891;1;-1;0;unknown;no
30;technician;single;tertiary;no;1289;yes;no;unknown;21;may;1697;2;-1;0;unknown;yes
34;blue-collar;single;secondary;no;213;yes;no;cellular;11;may;47;1;343;2;failure;no
38;management;single;tertiary;no;0;no;no;cellular;24;jul;164;1;-1;0;unknown;no
47;technician;divorced;secondary;no;157;yes;no;cellular;25;aug;163;8;-1;0;unknown;no
47;technician;married;secondary;no;644;no;no;telephone;28;jan;54;3;160;13;failure;no
32;technician;single;tertiary;no;259;no;no;cellular;22;jul;407;4;-1;0;unknown;no
41;blue-collar;married;primary;no;246;no;no;unknown;19;jun;683;3;-1;0;unknown;yes
29;admin.;single;secondary;no;731;no;no;cellular;14;apr;107;3;-1;0;unknown;yes
32;management;married;tertiary;no;169;no;yes;cellular;20;aug;119;2;-1;0;unknown;no
50;management;married;tertiary;no;85;no;yes;cellular;1;jun;141;1;-1;0;unknown;no
47;retired;married;secondary;no;2383;no;no;unknown;9;jun;529;1;-1;0;unknown;no
47;blue-collar;married;secondary;no;665;no;no;cellular;18;aug;885;3;-1;0;unknown;no
36;unemployed;single;tertiary;no;953;yes;no;cellular;22;may;169;1;94;2;other;no
34;services;single;secondary;no;4062;yes;yes;cellular;15;may;29;1;-1;0;unknown;no
37;blue-collar;single;secondary;no;0;no;no;cellular;19;nov;228;3;-1;0;unknown;no
46;blue-collar;married;secondary;no;0;yes;no;unknown;26;may;208;2;-1;0;unknown;no
47;admin.;married;secondary;no;1934;no;yes;cellular;14;may;225;1;364;1;failure;no
48;technician;married;tertiary;no;1036;yes;yes;telephone;17;nov;71;2;-1;0;unknown;no
42;blue-collar;married;primary;no;480;yes;no;unknown;6;jun;288;12;-1;0;unknown;no
50;blue-collar;divorced;primary;no;-677;no;no;cellular;10;jul;387;1;-1;0;unknown;no
41;management;married;secondary;no;3018;yes;no;cellular;17;nov;536;2;-1;0;unknown;no
36;blue-collar;married;secondary;no;462;no;no;cellular;31;jul;474;2;-1;0;unknown;no
45;blue-collar;married;primary;no;1558;yes;no;cellular;6;may;179;1;-1;0;unknown;no
33;technician;single;tertiary;no;3255;no;no;telephone;14;aug;214;4;-1;0;unknown;no
46;blue-collar;married;secondary;no;130;yes;no;cellular;14;may;106;1;349;1;failure;no
40;entrepreneur;married;tertiary;no;121;yes;no;cellular;22;jul;80;1;-1;0;unknown;no
60;management;married;secondary;no;130;no;no;unknown;6;jun;151;1;-1;0;unknown;no
38;technician;married;secondary;no;2220;no;no;cellular;7;jul;87;2;-1;0;unknown;no
24;blue-collar;single;secondary;no;525;yes;no;cellular;16;apr;253;1;332;1;failure;no
41;blue-collar;divorced;primary;no;1563;yes;no;unknown;15;may;112;1;-1;0;unknown;no
29;blue-collar;divorced;unknown;no;101;yes;no;cellular;18;may;295;2;355;4;failure;no
40;management;divorced;tertiary;no;96;yes;no;cellular;25;jul;188;14;-1;0;unknown;no
36;management;married;tertiary;no;918;no;no;cellular;28;aug;58;8;-1;0;unknown;no
37;unemployed;divorced;secondary;no;57;yes;no;cellular;28;jan;99;1;-1;0;unknown;no
36;blue-collar;married;primary;no;49;yes;no;cellular;15;may;232;2;365;5;other;no
33;blue-collar;single;secondary;no;15341;no;no;cellular;20;apr;335;1;334;3;failure;no
68;retired;married;secondary;no;1316;no;no;telephone;4;mar;92;5;-1;0;unknown;no
47;housemaid;married;primary;no;823;no;no;unknown;19;jun;191;3;-1;0;unknown;no
59;retired;divorced;tertiary;no;381;yes;no;unknown;8;may;422;4;-1;0;unknown;no
29;services;single;unknown;no;196;no;no;cellular;30;jan;726;2;-1;0;unknown;yes
53;management;divorced;primary;no;255;no;no;cellular;19;nov;126;1;-1;0;unknown;no
65;retired;married;primary;no;1343;no;no;telephone;2;feb;468;2;-1;0;unknown;no
25;self-employed;single;unknown;no;1179;no;no;cellular;24;may;131;2;95;5;failure;no
52;retired;married;primary;no;537;no;no;unknown;9;jun;85;1;-1;0;unknown;no
50;admin.;single;secondary;no;26;no;yes;telephone;24;jul;179;4;-1;0;unknown;no
46;management;married;tertiary;no;4;no;no;cellular;8;aug;1206;4;-1;0;unknown;yes
43;admin.;married;secondary;no;214;yes;no;telephone;17;apr;421;2;324;24;failure;no
41;management;married;secondary;no;3096;yes;no;cellular;24;jul;273;6;-1;0;unknown;no
26;technician;single;secondary;no;124;yes;no;unknown;12;may;57;8;-1;0;unknown;no
55;housemaid;married;secondary;no;5;no;no;cellular;11;jul;269;2;-1;0;unknown;no
56;retired;married;secondary;no;415;no;no;cellular;22;aug;158;2;-1;0;unknown;no
18;student;single;unknown;no;108;no;no;cellular;9;feb;92;1;183;1;success;yes
41;management;married;tertiary;no;27696;no;no;cellular;12;feb;138;2;184;3;success;yes
48;management;married;primary;no;606;no;no;cellular;5;mar;77;6;-1;0;unknown;no
54;self-employed;married;tertiary;no;1510;no;no;telephone;5;jun;800;2;-1;0;unknown;no
57;management;married;primary;no;6900;no;no;cellular;21;apr;159;2;-1;0;unknown;no
50;unknown;single;unknown;no;490;no;no;unknown;12;jun;189;1;-1;0;unknown;no
45;unknown;married;tertiary;no;8564;no;no;cellular;25;aug;53;1;-1;0;unknown;no
39;blue-collar;married;tertiary;no;597;no;no;cellular;16;jul;686;6;-1;0;unknown;yes
43;blue-collar;married;primary;no;778;yes;yes;unknown;15;may;284;5;-1;0;unknown;no
56;management;married;tertiary;no;15520;no;no;cellular;18;nov;420;1;-1;0;unknown;no
50;admin.;married;secondary;no;10250;yes;no;cellular;7;dec;254;3;385;2;other;yes
51;unknown;single;unknown;no;0;no;no;unknown;5;jun;409;1;-1;0;unknown;no
40;management;married;tertiary;no;60;no;no;unknown;16;jun;172;6;-1;0;unknown;no
40;services;single;secondary;no;573;yes;no;cellular;14;may;329;1;-1;0;unknown;no
39;technician;single;tertiary;no;4660;no;no;unknown;30;may;53;2;-1;0;unknown;no
36;management;single;tertiary;no;243;yes;no;cellular;7;may;160;2;360;3;failure;no
35;self-employed;married;secondary;no;670;no;no;cellular;9;jul;378;1;-1;0;unknown;no
40;management;married;tertiary;no;198;yes;no;cellular;18;may;214;5;364;8;failure;no
50;management;divorced;tertiary;no;318;yes;no;unknown;16;may;788;2;-1;0;unknown;no
54;management;married;primary;no;338;yes;no;telephone;18;jul;99;5;-1;0;unknown;no
29;management;married;tertiary;no;1441;yes;no;cellular;4;feb;80;2;-1;0;unknown;yes
35;blue-collar;married;primary;no;443;yes;no;cellular;17;apr;185;2;316;3;other;no
38;blue-collar;married;secondary;no;376;yes;no;unknown;7;may;1521;1;-1;0;unknown;no
39;admin.;divorced;secondary;no;32;no;yes;unknown;20;jun;8;10;-1;0;unknown;no
48;blue-collar;married;secondary;no;1230;yes;no;cellular;13;may;328;2;182;3;success;yes
39;technician;married;secondary;no;61;no;no;cellular;19;aug;339;2;-1;0;unknown;no
32;student;married;secondary;no;1694;yes;no;cellular;28;jan;929;1;-1;0;unknown;no
48;technician;married;secondary;no;256;yes;no;unknown;29;may;150;4;-1;0;unknown;no
39;technician;married;tertiary;no;94;no;no;cellular;7;aug;70;2;-1;0;unknown;no
37;management;single;tertiary;yes;45;yes;no;unknown;7;may;204;1;-1;0;unknown;no
53;management;single;secondary;no;5558;yes;no;cellular;21;nov;81;6;189;3;failure;no
59;retired;married;primary;no;46;no;no;cellular;14;aug;78;2;-1;0;unknown;no
37;admin.;divorced;secondary;no;241;yes;yes;cellular;30;jul;55;25;-1;0;unknown;no
38;technician;divorced;tertiary;no;465;no;yes;cellular;28;jul;30;3;-1;0;unknown;no
32;admin.;married;secondary;no;1229;no;no;cellular;11;oct;485;1;182;1;success;no
36;admin.;single;secondary;no;686;yes;no;cellular;29;jul;114;2;-1;0;unknown;no
56;retired;married;secondary;no;74;yes;no;unknown;26;may;152;2;-1;0;unknown;no
39;admin.;married;secondary;no;140;no;no;cellular;4;may;40;5;-1;0;unknown;no
30;student;single;tertiary;no;7529;no;no;cellular;19;oct;328;1;-1;0;unknown;yes
31;blue-collar;married;secondary;no;1716;yes;no;cellular;13;apr;542;2;340;2;other;no
40;admin.;married;secondary;no;-666;yes;no;unknown;27;may;107;2;-1;0;unknown;no
29;admin.;married;secondary;no;0;yes;yes;cellular;4;feb;376;2;229;3;other;no
48;admin.;married;secondary;no;660;no;no;cellular;18;feb;318;1;561;2;success;yes
24;admin.;single;secondary;no;770;yes;no;unknown;16;may;233;1;-1;0;unknown;no
36;unemployed;single;tertiary;no;1291;no;no;cellular;30;apr;195;1;86;1;success;yes
40;blue-collar;married;secondary;no;217;yes;no;unknown;6;may;195;1;-1;0;unknown;no
39;blue-collar;married;primary;no;2366;yes;no;cellular;16;apr;1007;3;325;4;failure;no
41;management;married;tertiary;no;2676;no;no;cellular;28;aug;210;4;-1;0;unknown;no
29;admin.;single;secondary;no;-133;no;no;cellular;18;jul;108;1;-1;0;unknown;no
36;admin.;single;secondary;no;281;no;no;cellular;9;jul;225;2;-1;0;unknown;no
21;student;single;secondary;no;2488;no;no;cellular;30;jun;258;6;169;3;success;yes
48;services;married;primary;no;1496;yes;no;telephone;29;jan;284;2;258;2;failure;no
32;admin.;married;secondary;no;552;yes;no;cellular;6;may;98;2;-1;0;unknown;no
39;blue-collar;married;secondary;no;276;no;no;cellular;9;jun;334;2;-1;0;unknown;yes
46;admin.;married;secondary;no;-363;yes;yes;unknown;28;may;236;1;-1;0;unknown;no
49;blue-collar;married;unknown;no;51;yes;no;unknown;7;may;984;1;-1;0;unknown;no
33;admin.;married;secondary;no;1737;no;no;cellular;14;aug;228;2;106;2;failure;no
42;technician;married;tertiary;no;1189;no;no;unknown;5;jun;323;3;-1;0;unknown;no
57;blue-collar;married;secondary;no;5270;yes;no;telephone;17;nov;101;1;-1;0;unknown;no
26;student;single;secondary;no;141;no;no;cellular;22;jul;128;1;-1;0;unknown;no
46;technician;married;secondary;no;499;yes;no;cellular;31;jul;37;10;-1;0;unknown;no
56;blue-collar;married;secondary;no;2190;no;yes;unknown;12;jun;270;1;-1;0;unknown;no
26;services;single;secondary;no;187;yes;no;unknown;9;may;341;1;-1;0;unknown;no
37;housemaid;single;secondary;no;2042;yes;no;unknown;20;may;485;1;-1;0;unknown;no
28;admin.;married;secondary;no;1595;no;no;unknown;9;sep;1;1;254;4;success;no
59;technician;married;secondary;no;116;no;no;cellular;12;aug;398;4;422;3;failure;yes
57;retired;married;tertiary;no;0;no;no;cellular;12;aug;116;4;-1;0;unknown;no
52;management;married;unknown;no;1708;no;no;unknown;6;sep;310;1;75;4;failure;yes
55;services;divorced;secondary;no;0;no;no;cellular;27;sep;262;6;193;4;success;yes
43;technician;married;tertiary;no;3530;yes;no;cellular;17;jul;470;1;-1;0;unknown;no
44;entrepreneur;married;tertiary;no;31;no;no;unknown;9;jun;467;1;-1;0;unknown;no
34;blue-collar;married;primary;no;1873;yes;no;cellular;2;feb;192;1;-1;0;unknown;no
40;technician;married;secondary;no;40;yes;no;cellular;21;nov;73;1;-1;0;unknown;no
28;technician;single;secondary;no;36;no;no;cellular;14;jul;158;3;-1;0;unknown;no
37;unemployed;married;secondary;no;4769;no;no;cellular;29;jan;124;1;-1;0;unknown;no
45;admin.;married;tertiary;no;2552;no;no;cellular;1;jun;69;1;293;7;failure;yes
39;services;married;secondary;no;1099;no;no;cellular;29;jan;211;2;245;6;failure;no
58;entrepreneur;married;primary;no;1657;no;no;unknown;6;jun;172;2;-1;0;unknown;no
34;blue-collar;single;secondary;no;381;yes;no;unknown;12;may;102;1;-1;0;unknown;no
36;housemaid;married;primary;no;758;no;no;unknown;17;jun;236;2;-1;0;unknown;no
54;services;divorced;secondary;no;43;no;yes;cellular;21;nov;289;1;-1;0;unknown;no
33;blue-collar;single;secondary;no;164;yes;no;unknown;14;may;461;1;-1;0;unknown;no
43;self-employed;married;secondary;no;104;no;no;unknown;17;jun;332;1;-1;0;unknown;no
43;entrepreneur;single;primary;no;103;yes;no;cellular;18;nov;53;1;183;5;failure;no
46;technician;divorced;secondary;no;111;yes;no;cellular;19;nov;178;3;183;2;other;no
35;technician;single;secondary;no;1855;yes;no;unknown;7;may;138;1;-1;0;unknown;no
32;services;divorced;secondary;no;453;yes;no;cellular;18;nov;331;2;-1;0;unknown;no
36;technician;married;tertiary;no;1473;yes;yes;cellular;11;may;206;2;-1;0;unknown;no
34;management;single;tertiary;no;184;no;no;cellular;22;jul;203;4;-1;0;unknown;no
50;management;single;primary;no;766;no;no;unknown;17;jun;174;2;-1;0;unknown;no
37;blue-collar;married;primary;no;2120;yes;no;cellular;21;nov;150;4;-1;0;unknown;no
33;entrepreneur;married;tertiary;no;-886;yes;yes;cellular;25;aug;103;6;-1;0;unknown;no
31;management;married;tertiary;no;477;yes;no;cellular;21;nov;77;5;-1;0;unknown;no
35;management;single;unknown;no;121;yes;no;cellular;5;may;245;5;-1;0;unknown;no
54;blue-collar;married;secondary;no;853;no;no;unknown;16;jun;24;5;-1;0;unknown;no
43;services;married;secondary;no;-236;yes;no;cellular;28;jul;745;7;-1;0;unknown;yes
59;retired;married;secondary;no;0;no;no;unknown;5;jun;812;1;-1;0;unknown;yes
46;blue-collar;married;primary;no;588;yes;no;cellular;20;apr;249;3;237;4;failure;no
32;management;married;tertiary;no;514;yes;no;unknown;28;may;497;2;-1;0;unknown;no
29;admin.;married;secondary;no;396;yes;no;unknown;30;may;205;2;-1;0;unknown;no
25;technician;single;tertiary;yes;160;no;yes;unknown;13;jul;151;1;-1;0;unknown;no
34;housemaid;married;tertiary;no;72;no;no;cellular;19;aug;113;2;-1;0;unknown;no
28;management;single;tertiary;no;1027;yes;no;cellular;14;may;433;1;-1;0;unknown;no
34;management;single;tertiary;no;5945;yes;no;cellular;8;may;285;1;170;1;failure;no
48;admin.;married;secondary;no;2262;no;no;cellular;4;aug;70;1;-1;0;unknown;no
34;technician;married;secondary;no;0;yes;no;cellular;3;aug;261;1;470;2;failure;yes
59;services;divorced;secondary;no;0;yes;yes;unknown;6;may;97;1;-1;0;unknown;no
60;retired;married;secondary;no;89;no;no;cellular;30;apr;156;2;-1;0;unknown;no
56;retired;married;primary;no;13;yes;no;unknown;12;may;123;2;-1;0;unknown;no
31;housemaid;divorced;primary;no;168;yes;no;cellular;15;may;266;3;-1;0;unknown;no
27;unemployed;single;secondary;no;259;yes;no;cellular;18;may;12;2;-1;0;unknown;no
29;admin.;married;secondary;no;795;yes;yes;cellular;10;jul;270;2;-1;0;unknown;no
55;management;married;tertiary;no;2537;no;no;cellular;19;aug;97;5;-1;0;unknown;no
34;technician;single;secondary;no;2729;yes;no;cellular;6;apr;945;1;139;1;success;no
39;blue-collar;married;primary;no;2288;yes;no;cellular;15;may;265;1;-1;0;unknown;no
55;unemployed;married;secondary;no;3982;no;no;cellular;30;jan;89;1;-1;0;unknown;no
44;blue-collar;single;unknown;no;4330;no;no;unknown;18;jun;16;9;-1;0;unknown;no
35;services;married;secondary;no;1694;no;yes;cellular;31;jul;55;6;-1;0;unknown;no
47;blue-collar;married;primary;no;206;yes;no;unknown;6;may;152;1;-1;0;unknown;no
42;management;married;secondary;no;2416;yes;no;unknown;20;may;138;4;-1;0;unknown;no
59;management;married;tertiary;no;101;no;yes;unknown;9;jun;29;1;686;2;failure;no
34;management;single;tertiary;no;76;yes;no;cellular;13;may;747;2;371;3;failure;yes
47;technician;married;secondary;no;449;yes;yes;unknown;13;may;92;4;-1;0;unknown;no
31;management;married;tertiary;no;0;yes;no;cellular;4;may;108;2;167;1;failure;no
35;admin.;divorced;secondary;no;869;yes;no;unknown;29;may;173;1;-1;0;unknown;no
32;admin.;single;secondary;no;678;yes;no;cellular;4;feb;1579;1;246;4;failure;yes
37;technician;single;secondary;no;353;yes;no;cellular;12;aug;147;2;-1;0;unknown;no
33;management;married;tertiary;no;2441;yes;yes;cellular;19;nov;154;1;-1;0;unknown;no
29;blue-collar;married;secondary;no;125;yes;no;unknown;13;may;50;1;-1;0;unknown;no
21;blue-collar;single;secondary;yes;-59;yes;yes;unknown;4;jun;83;1;-1;0;unknown;no
49;housemaid;divorced;secondary;no;630;no;no;unknown;6;jun;415;2;-1;0;unknown;no
47;admin.;married;secondary;no;3676;no;no;cellular;15;jul;415;2;342;1;other;yes
31;blue-collar;single;secondary;no;19;yes;no;unknown;19;may;178;5;-1;0;unknown;no
59;services;married;secondary;no;108;no;no;cellular;11;aug;120;4;-1;0;unknown;no
27;blue-collar;married;secondary;no;197;no;no;telephone;23;jul;222;1;-1;0;unknown;no
25;technician;single;tertiary;no;468;yes;no;unknown;15;may;147;1;-1;0;unknown;no
49;technician;married;secondary;no;308;no;no;cellular;26;oct;260;2;91;5;failure;no
41;blue-collar;married;primary;no;1654;yes;no;unknown;14;may;35;1;-1;0;unknown;no
35;management;single;tertiary;no;612;no;no;cellular;11;nov;158;1;195;1;failure;no
46;admin.;single;unknown;no;2273;no;no;cellular;14;jul;187;3;-1;0;unknown;no
51;technician;married;tertiary;no;0;no;no;cellular;2;mar;539;2;-1;0;unknown;yes
55;management;married;tertiary;no;913;no;no;unknown;17;jun;462;5;-1;0;unknown;no
42;technician;married;secondary;no;0;yes;no;unknown;8;may;66;2;-1;0;unknown;no
47;admin.;married;secondary;no;3936;yes;no;telephone;31;jul;15;2;-1;0;unknown;no
37;admin.;single;tertiary;no;1000;yes;no;cellular;22;sep;239;1;99;2;success;yes
35;admin.;single;secondary;no;3;yes;no;unknown;28;may;330;5;-1;0;unknown;no
51;blue-collar;married;primary;no;42;yes;no;cellular;12;may;51;2;342;3;failure;no
45;management;married;tertiary;no;1293;no;no;telephone;16;jul;188;3;-1;0;unknown;no
39;management;single;tertiary;no;4023;yes;no;cellular;29;jan;126;2;238;8;other;no
30;technician;married;secondary;no;764;no;no;unknown;26;may;150;2;-1;0;unknown;no
35;technician;married;secondary;no;0;no;no;cellular;14;jul;125;2;-1;0;unknown;no
49;retired;married;secondary;no;8648;no;no;cellular;17;nov;527;1;-1;0;unknown;no
30;admin.;single;secondary;no;313;yes;no;cellular;4;feb;1121;2;-1;0;unknown;yes
28;admin.;married;secondary;no;9779;yes;yes;unknown;28;may;480;2;-1;0;unknown;no
41;technician;single;secondary;no;134;no;yes;cellular;11;aug;153;4;-1;0;unknown;no
36;technician;divorced;tertiary;no;119;no;no;cellular;23;jul;127;8;-1;0;unknown;no
54;blue-collar;married;secondary;no;887;yes;no;unknown;19;may;133;1;-1;0;unknown;no
29;admin.;single;secondary;no;1992;no;no;cellular;8;jul;202;1;87;2;failure;no
27;technician;single;tertiary;no;1075;no;no;cellular;2;mar;658;1;-1;0;unknown;yes
34;technician;married;secondary;no;1026;no;no;cellular;12;nov;319;1;100;6;failure;no
52;admin.;single;secondary;no;-528;yes;yes;cellular;1;jun;1144;2;-1;0;unknown;yes
29;management;married;tertiary;no;266;yes;no;cellular;29;jan;103;2;-1;0;unknown;no
38;blue-collar;single;primary;no;12130;yes;no;cellular;12;may;455;2;328;13;failure;no
55;unemployed;single;primary;no;274;no;no;cellular;9;feb;7;5;-1;0;unknown;no
41;self-employed;married;secondary;no;20;no;no;unknown;5;jun;333;1;-1;0;unknown;no
57;blue-collar;married;primary;no;0;no;no;unknown;9;jun;73;2;-1;0;unknown;no
46;management;married;tertiary;no;765;no;no;cellular;6;aug;71;2;-1;0;unknown;no
41;admin.;divorced;secondary;no;1076;yes;no;cellular;3;jun;77;2;391;2;other;no
32;management;married;tertiary;no;376;yes;no;cellular;23;mar;248;4;-1;0;unknown;yes
37;management;single;tertiary;no;455;yes;no;cellular;13;aug;904;6;-1;0;unknown;yes
44;housemaid;married;primary;no;0;yes;no;telephone;9;jul;224;1;-1;0;unknown;no
28;student;single;secondary;no;153;no;no;cellular;23;jul;1124;2;-1;0;unknown;yes
49;management;married;tertiary;no;22520;no;no;cellular;21;nov;579;9;-1;0;unknown;yes
43;blue-collar;married;secondary;no;2355;yes;yes;cellular;13;apr;333;3;-1;0;unknown;no
22;blue-collar;single;secondary;no;-51;yes;no;cellular;15;may;859;1;-1;0;unknown;yes
40;blue-collar;married;primary;no;0;no;no;unknown;20;jun;618;4;-1;0;unknown;no
37;services;married;secondary;no;381;yes;no;cellular;15;apr;332;2;-1;0;unknown;no
46;technician;married;secondary;no;138;yes;no;cellular;7;apr;226;2;-1;0;unknown;no
57;technician;divorced;secondary;no;145;no;yes;unknown;16;jun;420;4;-1;0;unknown;no
35;technician;married;secondary;no;482;no;no;cellular;12;aug;138;2;-1;0;unknown;no
45;blue-collar;married;primary;no;572;no;no;telephone;5;feb;13;6;-1;0;unknown;no
43;technician;divorced;secondary;no;1612;no;no;cellular;25;may;262;2;353;1;other;yes
33;blue-collar;married;secondary;no;304;yes;no;unknown;13;may;139;2;-1;0;unknown;no
32;blue-collar;married;secondary;no;356;yes;no;cellular;8;may;451;3;-1;0;unknown;no
30;blue-collar;married;secondary;no;167;yes;no;cellular;10;jul;255;1;-1;0;unknown;yes
46;blue-collar;married;secondary;no;2348;no;no;cellular;17;nov;182;1;-1;0;unknown;no
21;unemployed;married;secondary;no;2062;yes;no;unknown;3;jun;103;1;-1;0;unknown;no
55;admin.;divorced;secondary;no;1872;no;no;cellular;27;may;76;3;103;5;success;no
42;admin.;single;secondary;no;2095;yes;no;cellular;21;nov;752;3;-1;0;unknown;no
54;retired;married;tertiary;no;4104;no;no;cellular;15;jul;68;8;-1;0;unknown;no
44;services;married;secondary;no;-254;no;no;unknown;20;jun;25;1;-1;0;unknown;no
29;blue-collar;married;secondary;no;602;yes;yes;cellular;17;apr;440;2;-1;0;unknown;no
33;blue-collar;married;secondary;no;328;yes;no;cellular;20;apr;72;1;264;9;failure;no
38;entrepreneur;married;tertiary;no;1110;yes;no;cellular;20;nov;888;2;183;2;failure;yes
51;technician;divorced;secondary;no;131;yes;no;cellular;18;nov;193;1;-1;0;unknown;no
35;services;divorced;secondary;no;67;yes;no;cellular;5;may;192;2;-1;0;unknown;no
43;blue-collar;married;primary;no;361;yes;no;cellular;8;may;87;2;-1;0;unknown;no
34;admin.;married;secondary;no;148;yes;no;cellular;11;may;160;2;-1;0;unknown;no
39;admin.;married;primary;no;444;yes;no;cellular;8;may;374;2;-1;0;unknown;no
47;management;married;tertiary;no;3681;no;no;cellular;14;aug;101;2;-1;0;unknown;no
31;blue-collar;single;secondary;no;5607;no;no;cellular;20;nov;183;2;184;1;failure;no
50;technician;divorced;secondary;no;0;no;no;cellular;13;aug;114;2;-1;0;unknown;no
27;admin.;married;secondary;no;1596;no;no;cellular;1;sep;82;1;-1;0;unknown;yes
46;blue-collar;single;secondary;no;0;yes;no;cellular;8;may;120;2;-1;0;unknown;no
34;retired;married;primary;no;4499;no;no;unknown;21;may;1681;1;-1;0;unknown;yes
35;management;married;tertiary;no;16;no;no;cellular;19;nov;185;1;-1;0;unknown;no
33;technician;single;secondary;no;291;no;no;cellular;25;aug;72;6;-1;0;unknown;no
34;blue-collar;married;secondary;no;270;yes;yes;unknown;6;may;159;1;-1;0;unknown;no
27;blue-collar;single;secondary;no;535;no;no;cellular;16;aug;265;3;95;4;success;yes
45;blue-collar;married;primary;no;351;yes;no;unknown;19;jun;66;1;-1;0;unknown;no
47;management;married;secondary;no;414;no;no;cellular;26;aug;142;2;-1;0;unknown;no
43;blue-collar;married;secondary;no;85;yes;no;cellular;20;apr;42;3;279;5;other;no
38;technician;single;secondary;no;372;no;no;unknown;23;may;59;3;-1;0;unknown;no
56;technician;divorced;secondary;no;672;no;no;cellular;21;jul;71;9;-1;0;unknown;no
33;technician;married;secondary;yes;-708;no;no;cellular;29;aug;93;2;-1;0;unknown;no
58;technician;married;secondary;no;5618;yes;no;unknown;15;may;113;1;-1;0;unknown;no
31;management;single;tertiary;no;2296;yes;no;unknown;6;jun;49;8;-1;0;unknown;no
30;management;single;tertiary;no;0;no;no;cellular;19;aug;292;2;-1;0;unknown;no
37;blue-collar;divorced;secondary;no;-271;yes;no;unknown;9;may;172;1;-1;0;unknown;no
33;management;single;tertiary;no;923;yes;no;cellular;19;nov;1307;3;173;6;failure;no
34;blue-collar;married;secondary;no;1897;yes;yes;cellular;19;nov;441;1;-1;0;unknown;no
58;technician;married;secondary;no;201;no;no;cellular;10;jul;82;5;-1;0;unknown;no
54;blue-collar;divorced;secondary;no;154;yes;no;unknown;30;may;197;12;-1;0;unknown;no
53;entrepreneur;married;tertiary;no;2289;yes;yes;cellular;17;nov;183;1;-1;0;unknown;no
44;blue-collar;married;secondary;no;0;yes;no;cellular;17;nov;139;3;-1;0;unknown;no
68;retired;single;tertiary;no;2144;no;no;cellular;22;oct;277;1;184;2;success;yes
29;unemployed;single;primary;no;1374;no;no;cellular;14;may;1205;2;178;7;success;yes
43;blue-collar;single;primary;no;13620;yes;no;cellular;20;nov;128;1;-1;0;unknown;no
33;technician;married;secondary;no;168;yes;no;unknown;26;may;238;2;-1;0;unknown;no
48;admin.;married;secondary;no;5;yes;no;unknown;7;may;697;2;-1;0;unknown;no
28;management;married;tertiary;no;13186;yes;no;unknown;27;may;466;2;-1;0;unknown;no
59;retired;married;primary;no;1085;no;no;unknown;16;jun;191;1;-1;0;unknown;no
31;blue-collar;single;secondary;no;953;yes;no;cellular;14;may;479;1;346;2;success;yes
55;management;married;tertiary;no;719;yes;no;telephone;11;may;221;6;284;29;other;no
27;blue-collar;single;tertiary;no;1372;no;no;cellular;21;jul;230;1;-1;0;unknown;no
36;blue-collar;single;secondary;no;3623;no;no;unknown;12;nov;71;1;378;1;success;yes
45;services;single;primary;no;1893;yes;no;unknown;3;jun;1259;6;-1;0;unknown;yes
42;management;married;unknown;no;1519;no;no;cellular;19;oct;230;1;92;1;success;yes
56;housemaid;divorced;tertiary;no;1059;no;yes;unknown;6;jun;57;2;-1;0;unknown;no
45;management;married;tertiary;no;474;yes;yes;cellular;2;feb;190;4;264;4;failure;no
60;retired;married;unknown;no;878;no;no;cellular;13;aug;106;2;-1;0;unknown;no
42;blue-collar;married;secondary;no;3052;yes;no;unknown;27;may;32;1;-1;0;unknown;no
33;management;single;tertiary;no;0;no;no;telephone;5;jun;109;1;-1;0;unknown;no
52;admin.;divorced;secondary;no;121;yes;no;cellular;24;jul;241;2;-1;0;unknown;no
55;admin.;married;secondary;no;6207;yes;no;unknown;26;jun;113;5;-1;0;unknown;no
55;technician;divorced;secondary;no;225;no;yes;cellular;14;jul;116;2;-1;0;unknown;no
46;unemployed;married;secondary;no;931;no;no;cellular;29;jul;156;5;-1;0;unknown;no
35;management;married;tertiary;no;495;no;no;cellular;2;feb;282;1;-1;0;unknown;no
29;housemaid;married;primary;no;7;no;yes;cellular;8;jul;240;1;-1;0;unknown;no
36;entrepreneur;single;tertiary;no;658;yes;no;unknown;16;jun;61;3;-1;0;unknown;no
41;services;married;secondary;no;1483;yes;no;unknown;17;jun;66;4;-1;0;unknown;no
32;blue-collar;married;primary;no;1287;yes;no;cellular;14;apr;297;2;-1;0;unknown;no
46;technician;married;secondary;no;967;no;no;cellular;7;jul;248;3;-1;0;unknown;no
31;unemployed;married;secondary;no;6;no;no;cellular;4;jun;121;4;-1;0;unknown;yes
39;management;married;tertiary;no;20932;no;no;cellular;21;nov;127;2;-1;0;unknown;no
38;technician;married;secondary;no;1;yes;no;cellular;21;nov;57;5;199;1;success;no
43;management;married;tertiary;no;0;yes;no;cellular;21;jul;474;1;-1;0;unknown;no
47;unknown;married;unknown;no;28;no;no;unknown;5;may;338;2;-1;0;unknown;no
57;blue-collar;married;unknown;no;3585;no;no;telephone;14;nov;172;1;-1;0;unknown;yes
48;management;divorced;tertiary;no;-478;yes;no;cellular;17;nov;87;5;167;6;failure;no
59;admin.;married;secondary;no;6264;no;no;cellular;22;aug;353;16;-1;0;unknown;no
49;services;married;secondary;no;1122;no;no;cellular;4;aug;143;1;-1;0;unknown;no
58;unknown;divorced;secondary;no;3111;yes;no;cellular;17;nov;111;1;188;2;failure;no
33;management;married;tertiary;no;801;no;no;cellular;19;aug;133;4;-1;0;unknown;no
30;technician;single;secondary;no;175;no;no;cellular;25;aug;167;4;-1;0;unknown;no
46;admin.;married;unknown;no;2115;yes;no;unknown;20;jun;10;3;-1;0;unknown;no
49;blue-collar;married;secondary;no;360;no;no;cellular;10;jul;168;1;-1;0;unknown;no
49;admin.;divorced;secondary;no;1697;no;yes;cellular;29;jul;184;4;-1;0;unknown;no
44;management;single;tertiary;no;5063;no;no;cellular;27;oct;418;2;-1;0;unknown;yes
35;blue-collar;married;secondary;no;1209;yes;no;unknown;26;may;304;3;-1;0;unknown;no
40;blue-collar;married;primary;no;3693;yes;no;unknown;30;may;57;10;-1;0;unknown;no
34;management;married;tertiary;no;1495;yes;no;cellular;7;may;50;1;-1;0;unknown;no
60;services;married;unknown;no;132;yes;no;unknown;15;may;29;1;-1;0;unknown;no
43;self-employed;married;secondary;no;284;no;no;cellular;28;jan;256;1;-1;0;unknown;no
45;unemployed;divorced;secondary;no;5163;no;no;unknown;20;jun;9;2;-1;0;unknown;no
47;management;married;unknown;no;641;no;no;cellular;21;nov;501;3;-1;0;unknown;no
44;self-employed;married;tertiary;no;134;no;no;cellular;28;aug;86;4;-1;0;unknown;no
44;blue-collar;married;primary;no;1265;yes;no;cellular;16;jul;555;1;-1;0;unknown;yes
60;technician;married;tertiary;no;1626;yes;yes;unknown;27;may;395;2;-1;0;unknown;no
20;student;single;secondary;no;1819;no;no;cellular;9;apr;245;3;-1;0;unknown;yes
51;blue-collar;married;primary;no;-27;no;no;telephone;29;aug;158;4;-1;0;unknown;no
47;blue-collar;married;secondary;no;3008;yes;yes;unknown;15;may;236;3;-1;0;unknown;no
43;management;married;tertiary;no;703;yes;no;cellular;12;may;67;1;-1;0;unknown;no
45;blue-collar;single;unknown;no;816;no;no;cellular;20;nov;279;3;-1;0;unknown;no
35;management;single;tertiary;no;681;no;no;cellular;18;feb;737;1;561;2;success;yes
30;blue-collar;married;primary;no;9194;yes;no;unknown;23;may;178;2;-1;0;unknown;no
58;technician;married;secondary;no;1191;no;no;cellular;6;aug;78;2;-1;0;unknown;no
47;management;married;tertiary;no;4386;yes;no;telephone;23;jul;43;1;-1;0;unknown;no
63;retired;divorced;secondary;no;4833;no;no;cellular;14;aug;415;1;-1;0;unknown;no
31;services;married;secondary;no;418;yes;yes;cellular;9;jul;219;1;-1;0;unknown;no
48;admin.;single;secondary;no;96;yes;no;unknown;8;may;255;1;-1;0;unknown;no
34;blue-collar;divorced;secondary;no;-154;no;no;cellular;9;jul;295;1;-1;0;unknown;no
41;retired;single;primary;no;2579;no;no;cellular;27;jul;235;1;287;1;failure;no
49;technician;divorced;secondary;no;95;yes;no;cellular;8;may;90;1;-1;0;unknown;no
32;technician;married;secondary;no;163;yes;yes;cellular;28;jul;73;3;-1;0;unknown;no
38;management;married;tertiary;no;120;no;no;cellular;13;aug;449;4;-1;0;unknown;no
34;entrepreneur;married;primary;no;0;yes;no;cellular;21;jul;132;3;-1;0;unknown;no
37;technician;married;secondary;no;54;yes;yes;cellular;22;jul;106;2;-1;0;unknown;no
46;blue-collar;divorced;secondary;no;2441;no;no;unknown;19;jun;217;2;-1;0;unknown;no
41;unemployed;married;secondary;no;0;no;no;cellular;31;jul;847;14;-1;0;unknown;no
52;management;married;tertiary;no;437;no;no;telephone;12;jun;137;3;113;1;other;no
32;blue-collar;married;secondary;no;491;yes;no;cellular;18;nov;131;3;194;2;failure;no
60;retired;divorced;tertiary;no;4;yes;no;cellular;26;may;400;3;358;2;failure;no
53;unemployed;married;secondary;no;76;yes;yes;unknown;16;may;283;1;-1;0;unknown;no
29;management;single;tertiary;no;4331;no;no;cellular;7;jul;611;1;-1;0;unknown;no
35;technician;married;tertiary;no;1354;no;no;cellular;2;jun;250;2;-1;0;unknown;yes
47;blue-collar;divorced;secondary;no;380;yes;no;unknown;16;may;268;6;-1;0;unknown;no
54;admin.;single;secondary;no;2423;no;no;unknown;3;jun;75;4;-1;0;unknown;no
25;technician;single;secondary;no;938;no;no;cellular;1;jun;1048;1;-1;0;unknown;yes
62;management;married;tertiary;no;0;no;no;cellular;3;sep;299;1;-1;0;unknown;yes
41;blue-collar;married;secondary;no;217;yes;no;cellular;15;apr;375;2;344;1;failure;no
32;management;married;tertiary;no;141;no;no;cellular;2;feb;64;2;-1;0;unknown;no
70;retired;divorced;secondary;no;4572;no;no;cellular;8;jul;173;11;162;5;failure;no
37;self-employed;married;tertiary;no;144;yes;no;unknown;5;jun;247;2;-1;0;unknown;no
58;retired;married;primary;no;1077;no;no;cellular;15;jun;592;1;-1;0;unknown;no
30;blue-collar;married;secondary;no;187;yes;no;unknown;26;may;272;6;-1;0;unknown;no
45;unemployed;divorced;secondary;no;3354;yes;no;unknown;29;may;746;1;-1;0;unknown;yes
29;technician;single;secondary;no;103;no;no;unknown;19;may;314;1;-1;0;unknown;no
59;retired;married;tertiary;no;1425;no;no;cellular;10;aug;489;2;102;1;success;no
57;technician;married;tertiary;no;0;no;no;cellular;21;aug;242;5;-1;0;unknown;no
33;management;single;tertiary;no;1859;yes;no;cellular;30;jan;1169;4;-1;0;unknown;no
60;management;married;tertiary;no;553;yes;no;cellular;2;feb;343;1;210;3;success;no
51;management;married;tertiary;no;94;yes;no;cellular;19;nov;281;3;-1;0;unknown;no
49;technician;divorced;secondary;no;972;no;no;cellular;25;may;613;2;-1;0;unknown;no
54;housemaid;married;primary;no;8;no;yes;telephone;8;jul;116;2;-1;0;unknown;no
51;services;married;secondary;no;-238;yes;no;cellular;24;jul;63;1;-1;0;unknown;no
51;blue-collar;divorced;primary;no;1927;no;yes;cellular;16;jul;322;4;-1;0;unknown;no
60;self-employed;married;primary;no;1226;yes;no;unknown;30;may;151;3;-1;0;unknown;no
29;technician;married;secondary;no;3615;yes;no;cellular;30;jul;93;3;-1;0;unknown;no
42;services;divorced;secondary;no;257;yes;no;cellular;12;may;955;2;-1;0;unknown;yes
56;technician;divorced;secondary;no;0;no;no;cellular;26;aug;471;8;-1;0;unknown;no
30;management;married;tertiary;no;4874;yes;no;cellular;25;aug;134;10;-1;0;unknown;no
36;services;married;secondary;no;393;yes;yes;unknown;21;may;126;1;-1;0;unknown;no
33;management;married;tertiary;no;335;no;no;cellular;12;may;527;2;-1;0;unknown;no
41;management;married;tertiary;no;832;yes;yes;cellular;21;nov;164;1;176;1;failure;no
38;technician;single;secondary;no;227;no;no;cellular;13;aug;95;4;-1;0;unknown;no
28;services;married;secondary;no;72;no;yes;cellular;10;jul;418;4;-1;0;unknown;no
51;services;married;unknown;no;193;yes;no;unknown;13;may;202;3;-1;0;unknown;no
49;management;divorced;tertiary;no;20727;no;no;cellular;20;nov;88;2;-1;0;unknown;no
55;management;married;secondary;no;11655;no;no;cellular;5;aug;114;1;-1;0;unknown;no
43;housemaid;married;secondary;no;5233;no;no;unknown;18;jun;108;2;-1;0;unknown;no
31;services;married;secondary;no;388;yes;no;unknown;5;may;730;2;-1;0;unknown;no
32;management;married;tertiary;no;1388;yes;no;cellular;13;aug;102;1;105;1;success;no
42;blue-collar;married;secondary;no;879;yes;no;cellular;18;nov;140;1;-1;0;unknown;no
25;blue-collar;married;secondary;no;-507;yes;yes;unknown;4;jun;404;2;-1;0;unknown;no
31;management;single;tertiary;no;0;no;no;cellular;28;aug;35;31;-1;0;unknown;no
38;management;married;tertiary;no;93;yes;no;cellular;25;may;74;1;272;4;failure;no
54;housemaid;single;unknown;no;6020;no;no;unknown;6;jun;24;1;-1;0;unknown;no
31;management;single;tertiary;no;1017;no;no;cellular;2;feb;83;1;-1;0;unknown;no
58;management;divorced;tertiary;no;50;yes;no;unknown;3;jun;109;4;-1;0;unknown;no
33;admin.;single;tertiary;no;490;yes;no;cellular;7;may;31;1;363;2;failure;no
46;management;married;secondary;no;1363;yes;yes;cellular;7;may;60;4;-1;0;unknown;no
30;admin.;married;tertiary;no;631;no;no;cellular;13;aug;293;3;-1;0;unknown;no
45;blue-collar;married;primary;no;15515;no;no;cellular;4;aug;167;2;-1;0;unknown;no
49;management;married;tertiary;no;87;no;no;cellular;29;jan;165;1;-1;0;unknown;no
59;retired;married;secondary;no;2011;no;no;cellular;21;nov;222;2;-1;0;unknown;no
52;entrepreneur;married;secondary;no;1306;no;no;cellular;15;jun;288;1;-1;0;unknown;yes
44;entrepreneur;married;secondary;no;320;yes;yes;cellular;5;feb;269;3;234;2;other;no
34;technician;divorced;secondary;no;136;yes;no;cellular;8;may;136;2;-1;0;unknown;no
25;services;single;secondary;no;-121;yes;no;cellular;6;may;343;2;-1;0;unknown;no
37;management;married;tertiary;no;49;no;yes;cellular;22;aug;132;1;-1;0;unknown;no
40;admin.;married;secondary;no;1011;yes;no;cellular;8;jul;145;12;-1;0;unknown;no
36;blue-collar;married;primary;no;-402;no;no;unknown;21;may;173;6;-1;0;unknown;no
25;services;single;secondary;no;3856;yes;no;unknown;20;jun;16;28;-1;0;unknown;no
45;blue-collar;married;primary;no;900;yes;no;unknown;9;jun;213;1;-1;0;unknown;no
51;services;divorced;secondary;no;12;yes;no;cellular;17;nov;150;1;-1;0;unknown;no
52;technician;single;secondary;no;36;yes;no;unknown;16;may;335;1;-1;0;unknown;no
29;management;single;tertiary;no;265;no;no;cellular;24;aug;130;2;94;1;success;yes
31;technician;single;secondary;no;1094;yes;no;unknown;12;jun;93;8;-1;0;unknown;no
27;management;single;tertiary;no;88;no;no;cellular;4;may;143;1;-1;0;unknown;no
53;management;married;tertiary;no;2578;no;no;cellular;19;nov;299;4;107;2;failure;no
42;blue-collar;married;secondary;no;179;yes;no;cellular;17;nov;96;1;-1;0;unknown;no
35;management;single;tertiary;no;0;no;no;cellular;25;aug;81;6;-1;0;unknown;no
33;technician;married;secondary;no;1;yes;no;cellular;15;mar;261;4;-1;0;unknown;no
32;management;single;tertiary;no;0;yes;yes;cellular;17;nov;107;2;-1;0;unknown;no
36;blue-collar;married;secondary;no;740;yes;no;unknown;30;may;171;2;-1;0;unknown;no
47;blue-collar;married;secondary;no;0;yes;no;unknown;29;may;135;2;-1;0;unknown;no
42;technician;married;secondary;no;33;no;no;telephone;22;jul;158;5;-1;0;unknown;no
43;entrepreneur;married;tertiary;no;1;yes;yes;cellular;15;jul;61;2;-1;0;unknown;no
46;admin.;divorced;secondary;no;2087;no;no;cellular;20;nov;768;3;-1;0;unknown;yes
27;services;single;secondary;no;259;yes;no;unknown;23;may;78;10;-1;0;unknown;no
33;technician;married;tertiary;no;1126;yes;no;unknown;6;sep;11;1;490;5;other;no
58;management;divorced;tertiary;no;0;no;no;telephone;10;jul;227;7;-1;0;unknown;no
28;entrepreneur;single;tertiary;no;135;yes;no;unknown;21;may;195;1;-1;0;unknown;no
34;blue-collar;single;secondary;no;20;yes;yes;cellular;18;nov;262;2;-1;0;unknown;no
42;blue-collar;divorced;primary;no;299;yes;no;unknown;13;may;253;2;-1;0;unknown;no
28;admin.;single;secondary;no;1391;yes;no;cellular;29;jan;462;2;247;1;failure;no
36;blue-collar;married;secondary;no;0;yes;no;cellular;17;nov;273;2;131;1;failure;no
34;management;married;tertiary;no;63;no;no;cellular;8;aug;94;2;-1;0;unknown;no
35;admin.;married;secondary;no;725;yes;no;cellular;20;nov;219;7;133;1;failure;no
52;blue-collar;married;secondary;no;262;no;no;unknown;18;jun;1062;4;-1;0;unknown;no
53;blue-collar;married;primary;no;4641;no;no;unknown;16;jun;356;2;-1;0;unknown;no
58;blue-collar;married;primary;no;630;yes;no;cellular;19;nov;59;1;174;1;failure;no
37;services;married;secondary;no;1498;yes;no;cellular;20;apr;107;1;-1;0;unknown;no
38;admin.;married;tertiary;no;342;yes;no;unknown;4;jun;1138;1;-1;0;unknown;no
47;blue-collar;married;secondary;no;480;no;no;unknown;20;jun;9;6;-1;0;unknown;no
32;management;single;tertiary;no;29;yes;no;cellular;31;jul;49;24;-1;0;unknown;no
36;management;divorced;tertiary;no;0;no;no;cellular;4;aug;1165;1;-1;0;unknown;yes
28;admin.;single;secondary;no;1238;yes;no;unknown;28;may;252;2;-1;0;unknown;no
31;management;single;tertiary;no;524;yes;yes;unknown;29;may;668;2;-1;0;unknown;no
45;technician;married;secondary;no;3492;yes;yes;unknown;20;jun;46;4;-1;0;unknown;no
37;blue-collar;married;primary;no;1;yes;no;unknown;16;jun;103;2;-1;0;unknown;no
37;unemployed;married;secondary;no;117;no;no;cellular;12;aug;144;4;-1;0;unknown;no
30;services;single;secondary;no;773;yes;yes;unknown;4;jun;29;1;-1;0;unknown;no
32;management;single;tertiary;no;19985;no;no;cellular;9;feb;616;5;-1;0;unknown;no
37;blue-collar;single;secondary;no;6;no;no;cellular;29;jan;163;2;-1;0;unknown;no
30;blue-collar;single;secondary;no;0;yes;no;telephone;23;jul;40;5;-1;0;unknown;no
37;technician;single;secondary;no;5436;yes;no;cellular;6;may;7;11;351;1;failure;no
36;services;married;secondary;no;5024;no;no;unknown;21;may;139;1;-1;0;unknown;no
25;entrepreneur;married;tertiary;no;38;yes;no;cellular;22;jul;278;5;-1;0;unknown;no
29;technician;single;secondary;no;309;yes;no;unknown;13;may;214;1;-1;0;unknown;no
35;unemployed;single;primary;no;-17;no;no;cellular;28;jan;100;1;-1;0;unknown;no
32;blue-collar;divorced;secondary;no;880;yes;yes;unknown;4;jun;112;1;-1;0;unknown;no
40;self-employed;married;tertiary;no;1603;no;no;unknown;17;jun;279;1;-1;0;unknown;no
47;housemaid;married;primary;no;389;no;no;unknown;6;jun;145;2;-1;0;unknown;no
50;retired;married;primary;no;1098;no;no;unknown;17;jun;168;1;-1;0;unknown;no
43;services;divorced;secondary;no;-287;yes;no;cellular;20;apr;580;4;-1;0;unknown;no
33;unemployed;single;secondary;no;237;yes;no;cellular;4;feb;1052;2;-1;0;unknown;no
82;unknown;divorced;unknown;no;0;no;no;telephone;9;sep;277;5;-1;0;unknown;no
24;services;single;secondary;no;258;yes;no;cellular;18;may;248;1;-1;0;unknown;no
45;housemaid;married;primary;no;4994;no;no;unknown;20;jun;48;1;-1;0;unknown;no
37;technician;single;secondary;no;864;yes;no;unknown;30;may;171;1;-1;0;unknown;no
35;management;married;tertiary;no;841;no;no;cellular;26;aug;301;6;-1;0;unknown;no
33;blue-collar;married;primary;no;217;yes;no;cellular;20;apr;198;1;339;3;failure;no
38;blue-collar;single;secondary;no;1137;no;no;cellular;13;may;316;1;-1;0;unknown;no
57;housemaid;married;primary;no;1969;no;no;cellular;14;aug;286;3;-1;0;unknown;no
51;retired;divorced;tertiary;no;126;no;yes;unknown;6;jun;152;1;-1;0;unknown;no
32;entrepreneur;married;tertiary;no;762;no;no;cellular;19;jul;187;11;-1;0;unknown;yes
50;management;married;tertiary;no;11528;yes;no;unknown;30;may;57;1;-1;0;unknown;no
51;technician;married;secondary;no;349;yes;no;unknown;16;may;97;3;-1;0;unknown;no
51;blue-collar;married;secondary;no;518;yes;no;cellular;12;may;918;1;-1;0;unknown;yes
39;management;married;tertiary;no;2043;yes;no;unknown;17;jun;85;1;-1;0;unknown;no
58;retired;married;secondary;no;100;yes;no;cellular;11;jul;186;2;-1;0;unknown;no
42;blue-collar;married;primary;no;1288;yes;no;unknown;14;may;295;1;-1;0;unknown;no
37;management;divorced;tertiary;no;0;yes;no;cellular;6;aug;99;5;-1;0;unknown;no
35;blue-collar;married;primary;no;0;yes;yes;cellular;2;feb;698;2;271;2;other;no
43;blue-collar;married;primary;no;487;yes;no;unknown;7;may;548;2;-1;0;unknown;no
37;technician;married;secondary;no;449;yes;no;cellular;29;aug;59;4;-1;0;unknown;no
57;technician;married;secondary;no;950;yes;no;cellular;9;jul;1272;1;-1;0;unknown;no
40;housemaid;married;secondary;no;1029;yes;yes;cellular;17;nov;117;2;117;3;failure;no
39;blue-collar;married;secondary;no;0;yes;no;cellular;13;may;513;3;176;2;failure;no
45;services;married;primary;no;116;yes;no;unknown;11;jun;287;3;-1;0;unknown;no
20;student;single;secondary;no;88;no;no;telephone;21;oct;621;1;181;4;other;no
25;blue-collar;married;secondary;no;895;no;no;cellular;21;jul;317;3;-1;0;unknown;no
35;blue-collar;married;secondary;no;5304;yes;no;cellular;20;nov;340;1;183;2;failure;no
44;technician;married;tertiary;no;1818;yes;yes;cellular;3;feb;508;1;92;4;failure;yes
43;technician;divorced;secondary;no;1612;no;no;cellular;28;aug;119;2;95;3;success;no
36;blue-collar;married;primary;no;1707;no;no;unknown;18;jun;190;2;-1;0;unknown;no
32;management;single;tertiary;no;0;yes;no;cellular;20;apr;415;2;-1;0;unknown;no
46;services;married;primary;no;830;yes;yes;cellular;11;jul;211;2;-1;0;unknown;no
43;blue-collar;married;secondary;no;3311;yes;no;telephone;20;nov;105;2;184;3;other;no
52;technician;married;secondary;no;1818;no;yes;cellular;17;nov;189;2;111;4;failure;no
44;blue-collar;single;secondary;no;633;yes;no;unknown;13;may;1032;1;-1;0;unknown;no
41;admin.;married;secondary;no;4178;no;no;unknown;20;jun;168;2;-1;0;unknown;no
59;unknown;divorced;unknown;no;27;no;no;unknown;5;may;347;3;-1;0;unknown;no
26;blue-collar;single;tertiary;no;1527;no;no;cellular;5;feb;167;1;-1;0;unknown;no
34;management;single;tertiary;no;-292;yes;no;cellular;19;aug;181;6;-1;0;unknown;no
57;blue-collar;married;primary;no;649;yes;no;cellular;13;may;169;2;-1;0;unknown;no
52;blue-collar;married;secondary;no;310;yes;no;unknown;28;may;211;4;-1;0;unknown;no
27;management;single;tertiary;no;377;no;no;cellular;21;aug;171;3;91;1;failure;no
32;blue-collar;single;primary;no;882;no;yes;cellular;29;jul;80;8;-1;0;unknown;no
33;management;single;tertiary;no;1431;no;no;cellular;30;apr;94;1;85;2;failure;no
55;entrepreneur;married;secondary;no;8104;no;no;cellular;6;feb;213;2;-1;0;unknown;no
60;admin.;married;secondary;no;-396;yes;no;cellular;11;may;443;1;350;1;failure;no
41;blue-collar;married;primary;no;1491;yes;no;cellular;19;nov;145;2;-1;0;unknown;no
33;management;married;secondary;no;165;yes;no;telephone;5;feb;126;3;258;15;other;no
33;management;married;tertiary;no;5;yes;no;unknown;7;aug;12;1;-1;0;unknown;no
55;blue-collar;divorced;secondary;no;7378;no;no;unknown;14;may;316;3;-1;0;unknown;no
76;management;married;unknown;no;1780;yes;no;telephone;23;apr;413;3;-1;0;unknown;yes
37;management;single;tertiary;no;1027;yes;no;cellular;2;mar;313;1;152;2;success;yes
43;blue-collar;married;primary;no;714;yes;no;cellular;18;may;16;6;362;28;failure;no
52;blue-collar;married;primary;no;1401;no;no;cellular;26;aug;77;8;-1;0;unknown;no
44;management;married;tertiary;no;764;no;yes;cellular;15;jul;97;5;-1;0;unknown;no
47;management;divorced;tertiary;no;310;no;no;cellular;29;aug;136;2;-1;0;unknown;no
33;blue-collar;married;primary;no;463;yes;no;unknown;23;may;230;1;-1;0;unknown;no
54;blue-collar;divorced;primary;no;190;yes;no;unknown;15;may;196;2;-1;0;unknown;no
50;blue-collar;married;primary;no;82;no;no;telephone;5;apr;456;1;-1;0;unknown;yes
41;technician;single;tertiary;no;1026;no;no;cellular;29;aug;59;6;-1;0;unknown;no
42;blue-collar;divorced;unknown;no;0;no;no;cellular;7;jul;64;2;-1;0;unknown;no
42;management;married;unknown;no;1519;no;no;cellular;19;jul;268;1;-1;0;unknown;yes
50;management;married;tertiary;no;135;no;no;cellular;25;aug;162;4;-1;0;unknown;no
51;management;married;tertiary;no;0;no;no;unknown;27;may;68;5;-1;0;unknown;no
48;management;divorced;primary;no;432;yes;no;unknown;20;may;152;2;-1;0;unknown;no
51;services;divorced;secondary;no;518;yes;no;telephone;17;nov;76;1;-1;0;unknown;no
30;admin.;single;tertiary;no;218;no;no;unknown;4;jul;137;2;-1;0;unknown;no
48;blue-collar;married;secondary;no;2054;yes;no;cellular;6;aug;127;2;-1;0;unknown;no
35;management;single;secondary;no;1189;no;yes;cellular;14;aug;92;2;-1;0;unknown;no
54;admin.;married;secondary;no;276;yes;yes;cellular;27;apr;66;1;-1;0;unknown;no
48;management;married;secondary;no;0;no;no;cellular;19;nov;20;4;-1;0;unknown;no
36;services;married;secondary;no;297;yes;yes;cellular;15;jul;157;5;-1;0;unknown;no
29;student;single;secondary;no;872;yes;no;unknown;7;may;230;1;-1;0;unknown;no
46;admin.;divorced;secondary;no;2196;no;no;cellular;28;jul;573;5;-1;0;unknown;yes
33;services;married;secondary;no;90;yes;no;cellular;17;apr;170;2;263;2;failure;no
29;admin.;single;secondary;no;3432;yes;no;cellular;17;apr;139;2;-1;0;unknown;no
33;management;married;tertiary;no;1399;no;no;cellular;12;aug;436;4;-1;0;unknown;no
31;management;single;tertiary;no;498;no;no;cellular;11;aug;182;2;-1;0;unknown;no
44;blue-collar;married;primary;no;2657;yes;no;unknown;20;jun;202;2;-1;0;unknown;no
23;management;single;tertiary;no;377;no;no;unknown;28;aug;7;1;-1;0;unknown;no
44;admin.;married;secondary;no;1380;yes;no;cellular;12;may;240;1;-1;0;unknown;no
38;admin.;married;secondary;no;0;yes;no;telephone;16;jul;284;8;-1;0;unknown;no
39;blue-collar;married;secondary;no;125;yes;no;unknown;8;may;142;1;-1;0;unknown;no
55;services;divorced;tertiary;no;1983;yes;no;telephone;19;nov;123;1;-1;0;unknown;no
26;unemployed;married;primary;no;440;no;no;cellular;5;feb;143;1;-1;0;unknown;no
32;technician;single;unknown;no;-170;no;no;unknown;6;may;46;1;-1;0;unknown;no
40;technician;single;secondary;no;2141;no;no;cellular;18;nov;107;3;-1;0;unknown;no
24;technician;single;secondary;no;-256;yes;no;unknown;26;may;110;2;-1;0;unknown;no
55;retired;married;secondary;no;120;no;no;cellular;27;aug;43;3;-1;0;unknown;no
48;services;married;secondary;no;543;yes;no;cellular;16;apr;152;1;336;1;failure;no
39;technician;married;secondary;no;214;yes;no;unknown;27;may;386;11;-1;0;unknown;no
42;admin.;single;secondary;no;151;yes;no;telephone;5;may;227;3;-1;0;unknown;no
32;admin.;single;secondary;no;1466;yes;no;unknown;12;may;264;2;-1;0;unknown;no
42;entrepreneur;married;secondary;no;2959;yes;no;telephone;2;jul;711;1;342;1;failure;yes
41;admin.;married;secondary;no;80;no;no;cellular;19;nov;202;1;-1;0;unknown;no
28;management;single;tertiary;no;-227;yes;no;unknown;4;jun;298;2;-1;0;unknown;no
38;blue-collar;married;primary;no;8251;no;no;unknown;6;jun;194;3;-1;0;unknown;no
35;housemaid;married;tertiary;no;20;yes;yes;cellular;17;jul;505;3;-1;0;unknown;no
28;management;single;secondary;no;171;no;no;cellular;10;mar;93;1;-1;0;unknown;yes
34;technician;single;secondary;no;1386;yes;yes;unknown;28;may;185;6;-1;0;unknown;no
30;blue-collar;married;secondary;no;6;yes;no;cellular;28;jan;241;3;-1;0;unknown;no
39;management;married;tertiary;no;1572;no;no;cellular;7;aug;1462;4;-1;0;unknown;no
39;technician;married;secondary;no;564;no;no;cellular;21;aug;86;4;-1;0;unknown;no
32;management;single;secondary;no;1473;no;no;cellular;14;aug;253;7;-1;0;unknown;no
29;blue-collar;single;primary;no;-24;yes;no;cellular;15;may;325;1;-1;0;unknown;no
31;management;married;tertiary;no;-513;no;yes;cellular;7;jul;124;1;-1;0;unknown;no
28;admin.;single;secondary;no;3;no;no;cellular;14;may;138;2;-1;0;unknown;no
31;management;single;secondary;no;0;yes;no;unknown;20;may;150;1;-1;0;unknown;no
33;entrepreneur;married;tertiary;no;12;yes;no;cellular;12;may;137;1;-1;0;unknown;no
52;technician;married;secondary;no;475;yes;no;cellular;28;jul;121;3;-1;0;unknown;no
45;admin.;married;secondary;no;5244;yes;no;unknown;29;may;18;16;-1;0;unknown;no
59;admin.;divorced;secondary;no;1525;no;no;telephone;29;jul;90;2;-1;0;unknown;no
33;services;single;unknown;no;2297;no;no;cellular;27;jul;527;1;-1;0;unknown;yes
46;admin.;divorced;secondary;no;3280;no;no;cellular;1;jun;110;1;-1;0;unknown;no
32;admin.;married;secondary;no;3052;yes;yes;cellular;20;apr;253;3;151;4;failure;no
33;management;divorced;secondary;no;321;no;yes;cellular;30;jul;151;10;-1;0;unknown;no
42;blue-collar;married;primary;no;505;yes;no;unknown;14;may;521;2;-1;0;unknown;no
30;management;divorced;tertiary;no;0;no;no;cellular;22;aug;209;2;-1;0;unknown;no
26;student;single;tertiary;no;1570;yes;no;unknown;23;may;81;1;-1;0;unknown;no
42;unemployed;married;secondary;no;356;yes;no;cellular;7;may;787;3;356;2;failure;yes
35;self-employed;married;tertiary;no;333;no;no;unknown;17;jun;78;5;-1;0;unknown;no
41;blue-collar;divorced;primary;no;169;yes;no;cellular;5;may;71;1;-1;0;unknown;no
28;self-employed;married;tertiary;no;232;yes;yes;cellular;20;apr;219;1;-1;0;unknown;no
40;services;single;secondary;no;-27;no;yes;unknown;1;jul;221;1;-1;0;unknown;no
55;admin.;married;secondary;no;51;no;no;cellular;20;aug;94;2;-1;0;unknown;no
35;entrepreneur;single;tertiary;no;3302;yes;yes;cellular;18;may;207;3;-1;0;unknown;no
38;management;married;tertiary;no;246;yes;no;unknown;23;jul;717;8;-1;0;unknown;no
35;technician;married;secondary;no;13658;yes;no;telephone;9;dec;220;2;-1;0;unknown;no
54;technician;single;secondary;no;2237;no;no;cellular;21;nov;149;5;-1;0;unknown;no
59;blue-collar;married;secondary;no;57;yes;no;unknown;5;may;98;1;-1;0;unknown;no
38;technician;single;secondary;no;1270;yes;yes;cellular;15;may;164;1;337;6;other;no
33;services;married;secondary;no;1076;no;no;cellular;11;nov;131;1;96;5;failure;yes
50;technician;married;secondary;no;1518;no;yes;cellular;31;jul;321;2;-1;0;unknown;no
49;blue-collar;single;primary;no;-165;yes;yes;cellular;28;jul;151;3;-1;0;unknown;no
33;technician;single;tertiary;no;6;no;no;cellular;25;aug;30;4;-1;0;unknown;no
34;services;single;secondary;no;313;yes;no;cellular;14;jul;634;3;-1;0;unknown;no
28;blue-collar;single;secondary;no;416;yes;no;unknown;13;may;452;2;-1;0;unknown;no
35;services;single;secondary;no;1354;no;yes;cellular;21;nov;278;6;-1;0;unknown;no
34;blue-collar;married;secondary;no;129;yes;no;unknown;8;may;71;2;-1;0;unknown;no
28;blue-collar;single;secondary;no;3430;yes;no;unknown;6;jun;72;6;-1;0;unknown;no
51;technician;married;secondary;no;2402;yes;no;unknown;29;may;118;1;-1;0;unknown;no
41;technician;married;secondary;no;1066;no;no;cellular;11;feb;109;3;-1;0;unknown;yes
37;blue-collar;married;primary;no;0;no;no;telephone;11;may;108;2;306;1;failure;no
58;admin.;married;secondary;no;4962;no;yes;cellular;17;nov;112;1;-1;0;unknown;no
40;services;divorced;secondary;no;1155;no;yes;unknown;3;jul;251;1;-1;0;unknown;no
